-3.718280341;1.965261225
-4.382352853;1.096469003
-4.013859112;1.309479185
-4.013751189;2.002942532
-3.785096908;2.60794033
-3.406135617;1.838941175
-3.792603398;0.799677983
-3.722467207;1.331184036
-4.178296019;1.371246858
-3.921765306;2.417871336
-3.863142434;1.104035859
-3.577639292;1.264156117
-3.85852611;1.29533403
-5.156653945;1.210789951
-3.377773205;2.676095202
-3.330009117;1.448893697
-4.296696464;2.348954063
-3.691665048;2.456031676
-3.896907505;2.169791478
-3.437843673;1.128055355
-2.555342622;1.680023468
-3.685782602;1.256872407
-3.428290985;1.950500543
-3.793112198;2.306425048
-3.489355318;1.344211107
-3.274010039;0.906117013
-3.792157063;1.024736069
-3.542827684;1.396233494
-4.218562923;1.967286267
-4.499229691;1.572188611
-4.072157938;2.40810829
-3.081043118;2.061143271
-3.254956411;1.193679255
-3.012160605;1.639544919
-4.105735316;1.35591052
-3.640876505;1.317032068
-3.801289269;1.112362066
-3.019043012;1.557866305
-3.786790085;1.131410773
-3.508897031;1.51650229
-5.137432927;2.188320513
-3.953356998;2.179737137
-5.068738759;1.499245759
-4.059203514;0.998220754
-4.153233399;2.640918762
-3.660458843;1.186879583
-3.470345196;2.578822912
-3.882678772;1.161902065
-4.321803582;2.011019311
-4.728880917;2.010811905
-3.542409913;1.299831741
-3.434345823;1.711696117
-3.495354507;1.40748252
-4.370129564;1.868708291
-3.408661244;2.094617457
-4.602266491;1.690174876
-3.410098893;1.442753932
-3.414453146;1.574605935
-3.640508984;1.467034991
-3.165483022;2.611173609
-3.041954717;1.332402139
-3.268891351;1.609094902
-4.273276834;0.759533123
-4.109110077;2.930695414
-4.01018908;1.653918591
-4.013976713;0.741924723
-3.878470578;2.290680073
-4.243407054;0.755286757
-3.717154485;1.408814292
-3.575353117;1.520148822
-3.39463548;2.651128731
-2.67848735;1.386616564
-3.84592599;2.170125634
-4.038650291;1.898652686
-3.621437801;1.611137376
-4.1066224;1.327124335
-3.790284422;1.563958068
-3.422951244;1.513212462
-4.059607161;1.437648052
-3.270381435;1.195373771
-4.238110998;1.807177792
-3.717050554;1.143423858
-3.251180428;2.042973648
-4.028879261;1.786306148
-3.700579139;2.12822744
-4.067515749;2.174721519
-3.527411318;2.168575894
-3.479787911;1.600761022
-4.265467055;0.973462615
-3.823940081;0.929099321
-3.094088312;2.502533139
-3.992300107;1.312736049
-4.340419055;1.964680533
-4.082795941;1.836048602
-4.232654778;1.573798222
-3.173427169;1.537748741
-4.244236755;1.670638119
-4.361368511;1.999289682
-3.142419865;1.201283147
-3.583638608;2.12025684
-3.688986987;1.280485431
-3.94225228;2.200003845
-2.584525658;2.47940734
-3.383665394;1.360976358
-4.292647342;2.229810923
-3.395762773;1.53964568
-3.868241436;1.78584728
-3.638500734;1.297487501
-3.547084585;2.467158625
-3.653165604;1.42964507
-4.073819945;2.192684116
-3.898263922;1.720244754
-3.857331057;1.366674409
-3.255511367;2.130485679
-3.851728565;1.753001176
-2.690856981;2.059722982
-4.875967126;2.320511736
-3.91392774;1.158911325
-2.976261443;1.669531616
-3.866932223;1.958436847
-4.434671909;2.444563281
-3.965326684;2.146837042
-3.666504368;1.733112395
-4.243483414;2.057746809
-3.040495226;1.536115213
-3.5325863;1.644607387
-4.341349916;1.631090959
-3.972169345;1.475098987
-3.773116441;1.503131047
-4.68487686;2.422151212
-4.214717251;1.716590488
-3.824128638;1.57566084
-3.846636932;0.780125845
-3.699992239;1.304532525
-4.060309895;1.451957283
-3.472736178;1.618660923
-3.546604762;0.953537215
-4.32752456;1.454476777
-3.591485903;1.79208811
-3.534145999;1.888095518
-3.096523968;1.739450793
-3.628899496;1.764540205
-4.346315814;1.628724695
-3.33400109;1.847832616
-3.669008564;2.17701566
-4.097312957;2.521543059
-3.750346117;1.614662949
-3.232943747;0.950746958
-4.527766625;1.577090403
-4.063893002;1.777822843
-3.401929959;1.55175549
-3.81153396;1.703648765
-4.196180281;1.104140098
-3.09523071;1.436725201
-3.382905462;1.373275096
-2.581194083;1.773353665
-4.017720468;1.112044146
-4.590310667;1.398619827
-3.575685647;1.456156362
-4.640316065;1.442013849
-3.429209451;1.115728349
-3.91871612;1.458696545
-3.350533879;2.112888216
-4.017258865;2.749075918
-4.33368267;0.990171822
-4.416109264;0.887505565
-2.987063086;1.843747073
-3.280527252;0.348854178
-3.70596953;2.468477834
-3.690703705;1.846127184
-3.879973859;1.292572238
-3.167370243;2.339038591
-3.327759963;1.564801257
-4.176211761;1.859281505
-3.331611062;1.876274333
-5.14243613;1.407656968
-4.307104962;1.12380377
-3.763269294;2.000895402
-2.761198232;1.400259549
-3.714737624;2.298554094
-4.566396107;1.729102115
-4.274165954;2.253436055
-3.770103211;2.159536288
-3.933047811;1.700576277
-3.383971325;0.983500964
-4.379600482;1.413691186
-4.176328899;1.015415894
-4.553595241;0.935812029
-3.737813269;1.524351131
-4.451194101;0.587315096
-3.374798035;1.337025513
-4.144245611;2.504591361
-3.888402697;0.722352685
-3.344660015;1.245616871
-3.766457575;2.56914024
-3.859500677;1.945676236
-3.792724726;2.056017737
-3.716719263;1.78770066
-3.595204083;1.98115284
-3.4777763;1.894645854
-3.365803775;1.427575526
-4.102434631;1.193605208
-3.786091919;1.492104055
-4.15139881;2.085981136
-3.657108515;1.541676572
-3.894231711;1.083167175
-3.787603494;1.491663523
-3.600000877;2.12030004
-4.403975131;1.264342949
-5.257890617;1.482347979
-3.189920294;2.635560126
-3.834852726;1.036937091
-2.818741253;2.234037794
-3.345730487;2.375684837
-3.721279758;1.882352082
-3.728627513;1.010796028
-5.244331674;2.385914951
-3.960526088;2.134730499
-3.451109122;1.928292328
-3.653807621;1.640418952
-4.280590704;2.19282233
-4.211009884;1.369744831
-3.648368308;2.036511922
-3.661701084;1.087910784
-2.765937295;0.774696174
-4.063207114;1.57621365
-4.390950187;0.799050044
-3.32606306;2.330343925
-3.738311011;1.238963353
-3.47821154;1.708768937
-2.370748782;1.847826124
-2.995698977;1.581686099
-4.057147644;2.380310197
-3.928152475;2.414286674
-3.526887998;1.783891059
-3.012507358;2.161028902
-3.03194852;2.207022809
-4.082192195;0.984148897
-3.657602793;1.912828599
-4.18442247;1.968715768
-3.883888433;0.677793671
-3.685540519;1.153377591
-4.14214587;2.21075015
-3.602485282;1.572506075
-3.744193518;0.576023821
-3.280670222;1.217945922
-3.522423213;1.431798297
-3.235416567;1.447119204
-3.299550463;0.962723527
-4.1888096;2.264768586
-4.52817635;2.305494264
-4.22908876;0.832217903
-4.258603185;0.559352348
-3.866043053;1.663097963
-2.656195525;1.52003444
-2.643199397;2.41864853
-3.297887943;2.479537142
-3.104038268;2.653015642
-3.937427836;2.771343575
-3.981633184;1.97470891
-3.512800718;2.259185941
-3.896794159;1.67970742
-3.403739952;1.367427338
-3.74471042;2.000033447
-3.388345343;2.019794917
-4.058454748;1.487446753
-4.398241841;1.243834561
-4.039594509;1.693582667
-4.799472539;1.403949597
-3.484487111;1.881477218
-3.622310534;2.036130325
-3.198786208;1.681776268
-3.794301394;2.808020125
-4.181064091;0.892228589
-4.65199447;1.610069463
-4.333411966;1.038459751
-3.525827843;0.63661189
-2.135075836;1.638826378
-4.062716704;1.309964294
-2.87168801;1.303588099
-3.935783461;1.948041167
-4.235717828;1.526870178
-4.274263352;1.527896932
-3.086100423;2.206836767
-3.080330038;1.29039783
-3.533078236;1.214093023
-4.529098044;1.511094455
-3.402958324;1.696647448
-4.036422517;1.692966739
-3.984313846;1.90369587
-4.004410464;1.972358834
-3.422062478;1.923622121
-4.679056363;1.906688864
-4.18109551;1.850269524
-4.586633999;1.217508482
-4.478143356;1.569482494
-3.979924118;1.396868763
-4.602759668;2.624314854
-4.221408753;1.572349115
-4.222700033;0.809567508
-3.024578904;1.965477542
-4.700361631;1.647183492
-3.571992872;1.7702104
-4.258294678;1.520479925
-4.47736564;1.176760774
-4.220153619;0.87387215
-3.425942043;2.319344958
-3.22074036;1.811170189
-3.697867425;1.342026693
-4.017792264;2.881823932
-3.590201643;1.853474502
-3.990317028;2.337304691
-4.534688822;0.588939935
-4.320907396;0.946096342
-3.435045742;2.997184348
-3.738969596;1.395317766
-3.255918288;2.016829158
-4.172789573;2.559999026
-3.265243394;1.877184046
-3.684877141;1.665094084
-4.057501274;1.308324944
-4.264972647;1.970579247
-4.177100572;2.01991476
-3.176373237;1.535995015
-3.658374286;2.186357666
-2.775984793;1.327129686
-3.085710437;0.911745158
-4.022651455;2.076361995
-2.903941035;1.431997406
-4.288346002;1.858076997
-4.172282315;1.66367564
-3.248362681;2.038358762
-3.244010151;1.471059753
-3.968395924;0.965185979
-3.443644792;1.500008419
-3.189708894;2.55722196
-4.264052256;1.492872145
-2.743473029;1.39856585
-4.37745023;2.10497193
-2.986315996;1.010148224
-3.626697546;1.371764302
-3.854901938;1.59519676
-3.893882266;1.75761044
-4.381281554;2.31658338
-4.620100841;2.240886653
-4.122889243;1.567988407
-3.570954263;1.998386192
-3.361607218;1.093088159
-4.618958941;1.211304154
-3.346207773;2.374811882
-3.706062483;0.732917037
-3.407706823;1.318793692
-4.252575894;1.470168416
-3.222737797;1.744199942
-3.177997608;1.259261281
-3.162391976;1.656872049
-2.922975536;1.017293243
-3.269233254;1.658279761
-3.349900686;1.873564044
-4.255910318;1.438119582
-3.761322131;1.903417591
-3.106630204;1.73219969
-3.163381536;0.956273391
-3.886520422;2.456840507
-3.80865579;1.802416194
-3.147046117;2.539103245
-4.00056434;1.157604621
-3.135656727;1.117392381
-4.266951802;0.855055964
-4.364737113;1.91520804
-4.672009086;2.005170419
-4.16661442;1.385873813
-2.857385257;1.753692006
-4.068072644;2.668935239
-3.924034816;1.601217901
-4.231797339;2.031622408
-3.554349027;0.887894128
-5.495242579;1.559750661
-3.558458154;1.227539612
-3.288047979;2.469105135
-3.507803579;1.872026824
-3.707704477;2.017003025
-3.757163117;1.43825894
-4.050289842;1.946207998
-3.535826593;1.668506813
-3.701913073;1.93369302
-2.475070904;1.285366188
-3.717066113;0.816227434
-3.489034559;1.721365909
-4.016225501;1.7672905
-3.549796366;2.071515632
-4.101740129;1.24480898
-4.117866704;1.084300288
-3.97685655;1.152782334
-3.892664669;1.098431485
-3.839434213;1.839938575
-3.965767384;0.688974172
-3.017544858;1.005980206
-3.988153243;1.886398594
-3.50796184;1.63025018
-2.952747138;1.621001063
-4.279999773;1.830123278
-4.589339102;2.016887303
-3.706290584;1.026615094
-3.896288701;1.400146748
-3.929695909;2.548697708
-4.54881343;2.147624051
-4.050611277;1.879825401
-3.485012278;2.175657001
-3.326985146;2.286984565
-3.748690336;1.722669691
-3.29564959;2.234225845
-3.812977094;1.3249788
-4.559363389;1.241277895
-3.575864252;1.824635885
-3.808233571;2.106913591
-3.021124911;1.365246353
-3.628652843;1.270559104
-4.169849982;2.077974716
-3.078090404;1.233562802
-3.74475267;0.98688714
-3.82528474;2.072531272
-3.498217378;2.384426923
-3.365566072;1.687287606
-3.356727032;1.054810209
-4.467737258;1.250090482
-3.962104275;1.963728719
-3.948794103;2.254235112
-2.817331386;2.139920288
-3.752351343;1.609447631
-3.082052624;1.996342793
-3.672537998;1.659614259
-3.690481917;1.399865361
-3.510228658;2.088099175
-3.307816641;0.8639142
-4.369652682;1.395819059
-4.092692834;0.899116585
-3.456890472;1.006270474
-4.334005386;2.840933301
-3.468305029;1.765394015
-3.819895731;1.025959842
-3.499565926;1.693520413
-3.831788774;1.377221344
-3.518205776;1.536825374
-4.14749817;1.054063051
-4.176751679;1.628236058
-3.973741135;1.996083665
-3.894596947;0.684180053
-3.670431446;0.875961438
-2.507086284;1.245555886
-4.107028162;2.312938155
-3.807730127;2.791179125
-4.165530202;1.34317427
-4.283689251;1.690160419
-3.339677834;0.794281911
-4.158059098;1.188797753
-3.929151978;1.536021031
-4.357667131;1.357702747
-4.363023379;2.143681692
-3.364973601;1.644295206
-4.082042993;1.565638724
-3.888455458;1.437540621
-4.171735404;1.472043842
-3.717007258;1.923595547
-3.172937153;2.394316368
-3.442246984;2.668411739
-4.28249049;1.629344764
-4.19162748;1.853409631
-4.3889615;1.408960241
-3.564062025;2.189051185
-2.896112769;1.834314774
-4.127567966;1.698870762
-3.466841186;1.537327104
-3.113029886;1.531509462
-3.241014256;1.946059015
-3.156864301;1.724689238
-5.281215738;1.072195397
-3.976155454;2.238805922
-3.640697475;1.84808013
-4.414252327;1.741475798
-3.805431732;1.644894897
-3.872057616;1.673732764
-2.818046756;1.867965649
-3.499820746;2.028286472
-3.633900749;1.78348529
-5.293868043;1.989263926
-3.492801409;1.582271191
-3.625100214;1.548198305
-3.186147441;1.414276038
-3.805358025;1.790863408
-4.202372952;1.276135027
-4.405158651;2.524963874
-4.510283768;2.124672619
-3.996410748;1.85561984
-3.451932858;1.735023062
-4.272550655;2.239695856
-3.567200366;1.461087884
-3.463528789;1.723983575
-4.491712375;1.767788746
-3.590289712;1.282283025
-4.362404397;2.357149575
-4.206977857;1.738129672
-3.539263447;0.781779841
-3.858547896;1.52220315
-4.14962289;1.037295702
-3.833270251;2.134782982
-3.977659372;1.66359419
-3.584506023;1.766827032
-3.589978677;0.974675901
-3.514599118;1.103871766
-3.944641581;2.250115078
-3.921436265;1.778561833
-2.768585388;1.646058927
-4.036124625;1.756513682
-3.79952137;2.563791582
-2.704761989;1.20006493
-3.147225805;1.306867788
-3.574801821;2.042264404
-2.976496996;1.666944466
-2.344308242;1.872834806
-3.557736716;1.330032812
-3.853977241;2.106021584
-3.51667297;1.480198967
-3.136146538;1.740902405
-3.724082119;1.269145024
-4.716145333;1.984798301
-3.889354908;1.247499774
-4.206891287;1.899816738
-3.578143221;1.667518356
-4.112913301;1.985729734
-4.026906394;1.41475169
-3.171217698;0.84688348
-3.012711989;1.546318629
-4.472326527;1.499721004
-3.718891405;2.222648543
-3.670363289;1.005522486
-3.43120163;1.588879334
-3.732527592;1.391901423
-3.708294291;1.765111429
-3.529747795;1.511034027
-4.106997177;1.091026392
-3.976989068;1.502385036
-3.077357464;2.039806856
-3.910967276;1.360946538
-4.036334498;1.683047637
-4.2984579;2.918680594
-3.146771446;2.55232961
-3.924320519;1.041555921
-4.406683699;1.637995156
-3.68928358;0.57365686
-3.957461231;1.756004441
-3.645655113;0.846183757
-4.445385788;1.741352372
-3.646063938;1.244187939
-4.142894504;1.831803428
-2.998149572;1.803766076
-3.125184406;2.073152777
-3.737820924;2.209765663
-4.172625251;2.48590642
-4.170750647;1.373612303
-3.366106847;2.15416358
-3.821775314;1.464423044
-3.083346233;2.233117162
-2.938603178;2.191835757
-3.445917476;2.99312226
-3.371232267;1.910521392
-3.651328579;0.976642783
-3.265060174;1.546826827
-4.211115482;1.554880809
-2.864817862;1.301767316
-3.666409984;1.421032045
-3.598028409;1.05277128
-4.14819495;1.363026374
-3.68619602;1.382148395
-4.03076973;1.083127976
-3.602197666;0.413648564
-3.224763494;1.136460802
-5.298101209;1.221328951
-3.961482431;2.586750915
-3.883809645;1.798152025
-3.617270575;1.549627775
-3.454980512;1.171350787
-4.333271371;0.819724952
-3.906547066;1.785652559
-4.424862494;1.26045662
-4.301191542;2.334307877
-4.221382189;1.587027153
-3.595580832;1.237328183
-3.798229461;1.041494704
-3.538643522;1.572790022
-4.607982633;1.950700371
-3.867947745;1.184451343
-3.835149062;1.514604998
-3.198189682;1.83574692
-3.069237162;1.177648577
-3.218228444;1.700257952
-3.534253959;1.643919613
-2.290282217;1.947259085
-3.949363085;1.565867765
-4.27567428;1.481652163
-3.97605066;2.217142098
-4.184526766;1.718515667
-3.925091663;2.158546421
-3.139929404;2.197334114
-3.260311815;1.738736694
-3.888546282;1.221638728
-4.391609569;1.392189795
-3.252639962;0.293620704
-4.11788549;1.489365428
-4.23309981;1.108241478
-4.105720777;1.778295517
-3.855941283;0.568688703
-4.07532401;1.620821826
-4.201969057;1.608313395
-3.972411883;1.183755271
-4.478282654;2.354544055
-3.521549364;1.446837014
-3.618194804;0.962574144
-3.911416806;0.627272518
-4.377589666;2.319648341
-3.850986469;2.052416907
-3.975731925;1.523677309
-3.82687778;1.824917979
-4.173472892;1.446328016
-3.647200915;1.883213467
-3.078338354;1.741392004
-3.527801813;2.303732707
-3.633167875;2.206766218
-3.253440773;1.619401319
-4.366028391;0.921066337
-3.641758099;1.473074291
-3.703873749;1.174613299
-4.032044111;2.585067505
-2.970445549;1.521795761
-2.953890814;1.64991214
-3.936629557;2.111229486
-4.231122791;1.936421627
-3.153345391;1.011723977
-3.792187699;0.988061587
-3.575182023;1.508256782
-3.347502308;1.872654549
-4.266168079;2.268632699
-4.097331822;2.069072926
-3.805650381;1.006777416
-3.559168693;1.436050585
-3.460810166;1.978334027
-3.560011893;2.180078843
-4.206422368;1.67760187
-4.244189411;2.427464045
-3.819237443;0.975706566
-3.192307303;1.414247285
-3.142638745;1.574332252
-4.478538251;1.952461779
-3.29518103;2.197705191
-3.833787828;2.567882472
-3.791099799;1.29643539
-3.837704162;1.555920624
-3.908601404;0.884810889
-3.550450137;1.930480326
-2.934494606;1.651885049
-4.57022508;1.450053362
-3.880410425;1.916206554
-3.570224989;1.064359422
-3.015397592;1.767907954
-3.518347556;1.984060563
-3.486208969;2.212167429
-4.170913532;2.093481328
-3.776665567;1.245424343
-4.32455939;1.803512631
-4.089283514;1.534093199
-2.812204323;2.038263591
-3.849745922;2.846168747
-3.955819699;2.302926971
-3.082390772;0.580418149
-4.039940277;1.298031105
-3.65171342;1.901810293
-3.774929055;1.107119173
-3.389820522;1.594736185
-4.054732924;1.606193517
-4.075070858;1.247495051
-3.101183401;1.286557483
-3.416949577;2.473799457
-3.528282723;1.729581498
-3.817369777;1.339069469
-4.07544519;1.807890287
-4.19789315;2.34627515
-4.234553414;0.971454227
-4.597176452;1.497666966
-3.482088075;0.897714179
-4.16646645;1.16719689
-4.16840961;1.253746723
-4.121590947;1.526249201
-3.02130387;2.625803681
-3.621825065;2.019139644
-3.610349865;2.343799873
-4.23778976;1.478706403
-4.286397205;1.927015095
-3.153311252;1.746443606
-3.932105896;1.387963107
-3.91078905;2.761702541
-4.408681397;2.591615238
-3.450626797;1.640506641
-3.251252524;1.611145971
-3.944809649;0.421461692
-3.664801405;0.969220326
-3.370951472;1.676984605
-4.647251218;1.532036376
-3.82254814;2.356741371
-3.721264883;0.973583891
-3.157981705;1.840341902
-3.896674074;1.762148874
-3.775032558;0.988497977
-3.733783078;1.3744455
-3.483656034;1.617474016
-3.794738611;0.759112701
-4.266541397;1.853387742
-4.088952745;1.564810991
-3.46292486;0.972315325
-3.363216983;1.163497638
-3.212251796;1.66517118
-3.289579041;1.898655376
-3.776714563;1.083307074
-3.952295537;1.205068162
-3.192575662;1.082219335
-4.277841227;1.05529699
-3.9433288;1.940575029
-4.141826453;1.671547833
-4.232715107;1.382458
-3.622175177;1.408110186
-4.534391983;1.711692058
-4.437658882;1.517669417
-3.429271629;1.465130394
-4.240954793;1.54696205
-3.480434117;0.606870524
-3.574280967;1.355531945
-3.505819945;2.593403188
-4.059731496;1.985923462
-4.038782983;0.764349667
-3.258422292;1.284729338
-3.858192876;1.83342077
-3.278768173;2.460931806
-3.513504259;1.956715739
-3.273437195;1.677263446
-4.431087823;1.700503715
-3.932245955;2.299640255
-3.684415521;1.259225581
-4.413906784;2.566951235
-3.239561957;1.857514652
-3.673612929;2.19714686
-3.866411103;0.740047516
-3.549792669;1.418828292
-4.721660867;1.920690969
-3.799799859;1.758128623
-4.305988151;2.066874644
-3.500557945;2.132256872
-4.402454852;1.832961898
-3.00973493;2.500413104
-3.239951748;2.207599205
-4.662062636;1.371570192
-3.232978325;1.103455664
-3.089806575;1.415238039
-3.878836931;2.061262153
-3.91145962;1.077977595
-4.028558884;2.123215491
-4.168138748;1.217595661
-4.036459661;2.007149213
-2.844328014;2.223288728
-4.206645996;0.929368233
-3.369479312;2.268443403
-3.814636688;0.857879845
-3.228359593;1.284298314
-3.484144726;1.758233596
-3.871899586;2.230062589
-3.549228811;1.521390733
-2.494973657;1.591186733
-3.872158283;2.138178471
-4.198149276;1.567106233
-3.653146595;2.622665921
-3.166595787;1.851984729
-3.555210717;2.453844094
-3.461195052;0.943180293
-3.80381553;1.84229106
-3.774787541;0.958880661
-4.377985733;2.261000699
-3.938517383;2.101896026
-2.997348125;1.876766889
-4.248586102;1.917177624
-4.362633239;2.400552369
-4.54280262;1.507277611
-4.276143292;1.317006911
-3.705139064;2.178933132
-4.031506225;2.0599201
-3.782913333;2.071354867
-3.768564688;2.41628848
-5.051259065;1.886282797
-2.967309533;2.591470987
-4.097054642;1.728171768
-3.273450824;2.365047105
-3.989770216;1.137063312
-3.901050763;0.98052911
-3.72428427;0.968532035
-3.567195489;1.599255966
-3.602491711;2.068779187
-4.064319387;1.166303216
-4.144905753;1.657115791
-4.242889549;1.952132056
-4.131868636;1.133814481
-4.311038417;1.636960328
-4.954408892;2.391549192
-3.982245898;1.693391595
-4.23455502;1.915125463
-3.285835215;1.282209353
-3.117131719;1.162381288
-4.310469895;1.623116437
-3.625849235;0.897091398
-4.306500001;1.486181505
-4.016030815;1.063987195
-4.699009606;1.803133919
-4.166773963;1.327392356
-3.699836645;2.053714993
-3.420765857;1.84266958
-3.682366386;0.840515939
-4.042599133;2.639375526
-4.168276119;2.330911296
-3.373019616;0.952887764
-3.891797938;2.00322891
-4.116160902;1.071483738
-4.255614571;1.819409109
-2.902154412;1.3556283
-4.024243256;1.071866938
-4.025465616;1.536355331
-3.470060239;2.208158592
-2.999476726;1.945250883
-3.589187584;2.179837158
-3.67595005;2.134349457
-3.531973264;2.139492254
-4.346656758;1.104252867
-4.308703352;1.839647043
-4.109527277;2.279778703
-3.445754043;0.989200424
-2.797475154;0.783177942
-3.026141077;2.349349292
-3.730582068;1.053249642
-4.114945702;1.739507123
-4.448194853;1.444056015
-3.613085008;1.520106752
-4.565356029;0.799063633
-4.057720122;1.396979552
-3.602367393;1.881897898
-4.243432197;1.302310048
-4.675727614;2.2358638
-4.014494581;1.891921582
-3.294428237;1.322234425
-3.88309184;1.421349337
-3.162263899;1.15115096
-4.241279931;1.780359434
-3.846380837;2.309822107
-3.036319313;2.149858356
-3.204353728;2.602879037
-3.425807053;1.130364318
-3.163587634;1.795629026
-3.663766853;2.286064716
-4.586116226;2.240647272
-3.547340167;0.963415548
-2.80247624;1.233559624
-4.069389894;2.757083656
-4.096867289;2.494662443
-4.186320959;1.520086777
-2.960849815;1.360132766
-4.029846641;0.521717184
-3.295455364;1.944414909
-3.872097504;1.459162909
-3.395187396;2.016253474
-3.444018843;1.409263132
-4.619928623;1.723441056
-4.036702244;2.224934526
-3.138543029;1.859874525
-3.795436945;0.530286366
-3.414452616;1.518007714
-3.819172086;0.932048366
-3.867206329;1.013640002
-3.675275113;1.583389537
-4.7977714;1.703388513
-3.374402348;1.619513497
-3.614403992;1.283911787
-3.86961816;1.635188782
-2.748528463;1.842932366
-2.883239671;1.05187421
-3.324867742;1.597806747
-4.215525303;2.114301297
-4.093164754;1.532810478
-3.239425455;1.54297612
-3.975801129;1.31684335
-3.913708332;1.533218618
-3.428077979;2.097491317
-3.971819045;1.08817992
-3.828263186;1.796434678
-3.577979834;1.586604477
-3.432486078;1.376844227
-3.723204863;1.388669682
-3.430875442;1.452445336
-3.721280182;0.529982898
-2.713954847;1.787565233
-3.98363021;2.046933395
-3.85405351;1.251898424
-4.184456636;1.396591906
-3.353026661;1.889676216
-4.024297499;1.037669334
-4.313059139;2.078749371
-3.461310945;1.426734059
-3.016060145;1.595815356
-3.778750564;1.657244098
-3.230477222;1.10196011
-3.435065718;1.432879939
-4.278493941;1.668603116
-3.703140777;1.533059869
-3.256688461;2.019250501
-3.897877896;2.173458091
-4.126445738;1.144967347
-3.353004597;1.318324685
-3.688456302;2.151417858
-3.853151838;1.700321741
-3.88729469;1.799434375
-3.486971652;1.211282708
-3.452352897;1.551432628
-3.864911477;1.159818898
-3.129846639;1.115053556
-4.58854509;0.8068588
-3.052490427;2.653704649
-3.230132356;1.272526178
-3.209771218;1.126313287
-4.069284147;1.708678364
-3.453473775;1.502841197
-3.810932693;1.471024235
-3.630929905;2.318372654
-3.307362912;0.978743054
-3.390585696;2.713803842
-3.788432868;1.656868265
-3.413936934;1.755208933
-3.620746884;1.735650801
-3.494937959;1.769831992
-3.307549546;1.46735949
-4.762548514;2.581411125
-4.36761154;1.791968527
-3.73088436;1.876695503
-4.030718589;1.454948141
-3.271591289;2.646997636
-3.563367959;2.069330622
-4.002319469;1.955473774
-2.821200248;1.972032823
-3.283874363;2.124036369
-4.207229669;2.213346432
-4.243129648;1.374625744
-4.307200401;2.027060435
-4.203144648;1.191453354
-3.516032326;0.901425937
-4.070146216;1.31375259
-3.35798766;1.729609088
-3.953330301;1.4113187
-3.562853172;1.731831684
-3.63906045;1.031233171
-4.255179382;2.380441582
-4.094459699;1.136961939
-4.278640517;1.566867655
-2.994885985;3.137629352
-3.484321245;1.584251738
-3.929988492;1.979540545
-3.526913933;1.14417389
-3.761059063;1.642313194
-3.238058975;2.274905635
-4.085547542;1.54135887
-4.816791424;2.135967094
-3.517729905;1.182275754
-3.529476419;2.37304267
-3.893306178;1.577875691
-3.195017546;2.168830117
-4.511249735;2.251350104
-4.40362383;1.61679106
-3.143115915;1.963131128
-5.189064555;1.615836405
-3.092149792;2.484594132
-4.103913655;1.333166953
-3.961016442;1.961037811
-3.662347977;2.287744358
-3.531748656;1.834923309
-3.944497869;0.318511085
-3.837504714;2.547323708
-4.215960545;2.016237303
-4.408145155;2.153703841
-3.825999496;1.440566707
-3.788915208;1.931087179
-3.265572765;2.146470198
-4.602793663;1.814982263
-4.813878646;2.311473784
-3.3025697;1.274057857
-3.501785887;1.031299178
-3.444529627;2.491811869
-3.103751239;1.813065664
-4.293913878;1.47121744
-3.704935608;1.518221536
-4.450598604;1.781697488
-3.657756182;0.915487081
-3.606942816;1.544922595
-3.7975296;2.25660713
-3.847903906;1.89365359
-4.143571685;1.645986384
-3.8572172;0.821898281
-3.661891172;1.934433924
-3.476313636;1.404002809
-3.143604357;1.81639072
-3.311285231;2.311645228
-4.489803179;1.449553567
-3.924264755;1.792574634
-3.769221412;1.029193574
-4.022601911;0.830549634
-3.405540666;1.238645626
-4.398594261;1.183169292
-3.186636195;2.103608403
-3.860449207;1.620544374
-3.543577472;2.422274988
-2.958848086;2.221511213
-2.783019796;2.406384608
-3.728048923;0.729797512
-4.101199079;1.702494951
-4.073243897;1.690450654
-4.036557312;2.176732047
-4.184028136;2.929501263
-4.09963223;1.474597359
-3.035764574;2.51138195
-4.262496415;1.680262545
-4.370879824;1.380599473
-3.544435718;1.236100609
-3.317570976;1.559309748
-3.038635073;1.45914202
-3.302688286;1.288162843
-3.735587215;1.786452798
-4.307689211;0.756903952
-3.803638983;1.465759322
-3.960088625;1.371041144
-4.290950742;2.651105078
-3.523269649;1.978243967
-3.645376345;1.226697852
-3.676315901;1.840296106
-3.825022202;1.892218373
-3.071490217;2.111263066
-3.364491036;0.894938921
-4.408803649;1.441844906
-4.059573775;1.897875293
-4.472070753;1.672386589
-2.608166426;1.188405798
-3.653943939;1.671146717
-3.311932383;1.646368473
-4.111086987;1.738385786
-3.889269253;0.933251895
-3.684292562;1.374409159
-2.908795864;1.32715218
-3.970211771;1.744937729
-4.283073612;2.314006193
-4.079341409;1.765885556
-3.776146755;0.880458126
-2.588137192;0.516950919
-4.285998226;1.793715966
-2.818977399;1.53659098
-3.644286844;1.5327892
-3.456762016;2.227619673
-3.296557161;1.919402227
-3.506558187;0.947015077
-3.473586111;2.123010967
-4.092846816;1.129903067
-4.122118838;1.712532264
-3.565240104;1.541957874
-3.630378936;1.943890708
-3.731924206;0.540413002
-2.931620315;2.097197576
-3.551505673;1.581576648
-3.360810971;2.410607214
-3.485074498;1.458867156
-2.843366611;1.819021449
-3.281704872;2.123542596
-3.689189246;2.196465955
-2.892933945;2.313696812
-4.286563978;1.749740217
-4.463821664;1.770356821
-3.964326454;3.022038791
-3.544785232;1.492871797
-3.683110261;1.671988694
-3.78222106;1.519905096
-4.526369098;1.395986875
-4.049557671;1.581563872
-5.059712801;1.403854718
-3.458637766;2.060037407
-3.868569656;2.142252093
-3.276939847;1.003636394
-4.10259042;1.215746487
-3.675608049;1.646491926
-4.235198965;2.377506158
-3.282903132;2.51543129
-4.063366993;2.069121929
-4.309525326;1.713003952
-2.839928423;2.546054893
-3.466650783;1.278707931
-3.765554636;1.958417434
-3.563244899;2.005844955
-3.870043588;1.866949876
-3.696256156;1.094577293
-3.339165072;1.45417854
-4.453169179;1.603292449
-3.450242929;2.085404025
-4.466309069;2.354103007
-4.202765302;2.350694819
-3.389315358;1.221461951
-2.434841949;1.7718658
-4.072908719;2.381691262
-3.966616662;1.823749199
-3.061275343;1.862904557
-3.193636882;1.921111737
-3.721809046;1.19642808
-3.525557817;1.933629894
-2.955561028;1.423264119
-4.158527763;0.283522195
-4.211105884;1.550252576
-3.415660891;1.247197437
-4.650465126;2.45514951
-3.647198122;1.592889859
-2.944547834;0.951793832
-3.466185561;1.875004581
-4.382787227;1.904111284
-2.576245896;1.67989729
-4.838838554;0.796163103
-3.997072005;1.564683345
-4.820493173;1.468488551
-3.960983829;1.581640771
-3.616647197;1.809575268
-3.654001992;2.016636494
-3.728017129;1.144104626
-4.732670004;1.993724116
-3.413143631;1.453506905
-3.960828467;1.017424124
-4.116047362;1.610533764
-4.578286555;2.562086479
-4.043085337;1.213629441
-3.534080874;1.638490232
-5.171845914;1.923103013
-3.456590535;2.005158827
-3.715693789;1.360305312
-3.103670797;1.556947419
-3.655789348;1.617505828
-3.879459112;2.713619658
-3.656653856;1.893497305
-3.915392861;1.211328984
-3.721327961;0.84459826
-3.587083656;1.216160264
-4.570182093;2.079866969
-4.441471295;1.803441956
-3.986489669;1.624399733
-3.735067789;1.411245891
-3.248552107;1.249425448
-3.951590145;1.61074708
-4.357361952;1.67302638
-4.245453854;1.568682859
-4.147169197;1.459785555
-4.182029927;2.133122952
-3.821163008;2.032883515
-3.329259517;1.914137642
-3.906693947;3.119991335
-3.729072877;1.883592087
-3.580740423;0.175324744
-3.775245796;2.001599822
-3.885510862;1.002976417
-2.781435217;1.731593246
-3.981851261;2.231763136
-3.794871657;1.776456233
-3.817753462;1.587453125
-4.056293359;1.544911243
-3.817018166;1.304798677
-3.326460947;1.284313523
-3.567248185;1.020080571
-3.753278785;1.297462442
-5.308003893;1.538542886
-4.477466357;1.742997838
-3.116936537;1.695595296
-2.867288251;2.418624563
-4.273605089;0.829724277
-4.137083615;1.86973006
-3.446167235;1.661912828
-2.653331977;1.620215747
-3.480538696;1.394931011
-2.315451887;2.229660014
-3.590520688;0.87460864
-4.158872498;1.208490909
-4.099786157;1.96543969
-2.854863667;1.468112274
-4.53039706;1.345811626
-3.994495251;2.320520003
-3.192451479;2.023738568
-3.756366088;2.096153604
-3.988092525;1.492533404
-3.728687395;1.459706422
-3.765367301;0.793661355
-4.261225915;1.572207638
-4.024618765;1.514315429
-3.86706377;1.770636382
-4.497739101;1.540644059
-3.871979885;1.334840103
-3.34221513;1.847734537
-4.029703387;2.309774613
-4.165870484;1.181224591
-4.192053151;1.973137953
-4.600891503;0.758695191
-3.930038079;2.086921636
-4.043588656;1.076063818
-3.629739204;1.561542964
-2.856696704;1.09248567
-3.952387432;1.662937525
-2.993002391;2.170197879
-3.314760965;1.920720341
-4.595563012;1.467940117
-4.364571047;1.071742033
-4.799363939;2.181503146
-3.20276456;1.774134592
-3.377066908;1.689226654
-2.898846444;1.882910674
-4.135129744;1.62298574
-3.908016382;1.869105332
-4.090183708;1.048528004
-3.070571844;2.288485943
-4.300377407;1.750405009
-3.490126238;1.990285821
-3.985433711;2.015646376
-3.802619295;1.478300612
-3.008243845;1.677364323
-3.297894385;1.267725058
-4.058540148;2.277917197
-3.253764782;1.485037856
-2.964313208;2.176075304
-4.648692831;2.805052712
-3.086124311;1.891936666
-4.295722277;1.628375691
-2.905924998;1.308679466
-3.552144701;2.696934614
-3.385115293;1.963364085
-3.894364309;2.763210428
-3.808470909;1.750518105
-3.468734586;1.640488733
-3.153244556;1.297448923
-4.373717357;1.679058566
-3.193973807;0.643685378
-3.226387244;2.163820483
-4.236555262;1.266430506
-3.67409735;1.189247325
-2.745956284;1.230704031
-3.844775364;1.513011961
-3.698951429;1.833679436
-4.854200472;0.859341679
-3.34036228;1.963703919
-4.243412622;1.861331353
-3.718295997;1.657587654
-4.023975391;2.107576855
-3.703714732;1.82755641
-4.307763052;1.304757869
-3.817647301;2.012362851
-3.488438404;1.334964398
-4.206474605;1.994454258
-4.579844929;1.757387127
-3.54617319;1.607166673
-4.086998176;1.97482116
-4.208596582;1.0047001
-3.440552724;1.042632173
-3.718758156;1.53915344
-4.31292545;1.530842598
-2.909523459;1.492341454
-3.786563922;2.283037343
-3.420833427;0.994956427
-4.055138642;1.938910388
-4.025768102;2.093854072
-3.835394577;1.600789816
-4.60516849;1.630609236
-4.670090642;1.095777539
-4.283718026;1.605139076
-3.614080309;1.414405015
-3.119268074;2.051290275
-3.057718121;1.696184299
-4.420265998;0.693973924
-3.792733634;2.018554763
-3.656425598;1.634386622
-4.228508584;1.069090029
-3.510921017;1.181660912
-3.230650594;1.32553082
-3.392859753;1.585369398
-3.62018017;0.594273
-3.961367232;1.733771706
-4.016453622;1.850070164
-3.603093888;0.657304309
-3.570767918;2.426664053
-3.632206471;1.922188522
-3.433510411;1.665656188
-3.570858301;1.345849466
-3.740988359;1.626855499
-3.824751867;1.002773417
-4.968765509;1.136049519
-3.311040947;1.604916903
-4.196692118;1.575885226
-3.428880529;1.811484294
-3.472007115;1.625914893
-4.290286965;2.374847172
-3.95897801;2.014080878
-3.21288177;2.340149486
-3.466600741;1.547454848
-4.362466817;1.597574049
-3.773907533;1.998036487
-3.503761105;1.131273238
-3.813359546;1.850716281
-3.147079082;1.687713178
-3.444218713;1.585693804
-4.105320022;1.596235188
-4.364557596;2.008468571
-3.337842039;1.954588119
-4.086490434;1.107848469
-3.050413162;1.997698268
-3.359901945;1.440529776
-4.015359243;1.751666996
-4.959028415;0.844643313
-4.810224876;1.653918288
-3.679721661;1.193552185
-3.107635432;1.993139846
-4.043526412;1.37795112
-4.005439611;1.16984187
-4.56301627;1.870713174
-3.535780962;1.927500835
-3.586945596;1.733785103
-4.559380082;1.164167506
-3.341352336;1.03560104
-3.730349313;1.877916339
-3.787072689;1.260392883
-3.903937028;2.495337352
-4.150188024;1.560733887
-3.709607217;1.705063341
-3.402731365;1.107972503
-3.912052014;1.946786688
-3.922703769;1.591725758
-4.448359093;1.114128076
-2.927133929;0.781311409
-3.909879476;2.215054046
-3.886057951;1.02493964
-3.858383451;1.529790489
-4.643974824;1.342576034
-4.013597498;1.669240927
-4.025927418;1.113010256
-3.785499331;1.429879505
-3.344182807;1.754229728
-3.495631337;1.671819541
-3.875829555;1.981603974
-2.772195601;1.299038164
-4.29459219;1.684643545
-3.944411269;1.221642132
-4.164051349;1.71622221
-3.290408298;1.467861278
-3.480227177;1.509344719
-4.368537767;1.044770457
-3.630453089;1.763215463
-3.343053349;0.738096153
-4.207059911;1.489933006
-4.610733053;1.120935188
-4.049544067;1.927647289
-3.887448561;1.489483674
-2.964099059;1.277309483
-3.767958813;1.33282841
-4.229857878;1.936629952
-3.492694079;2.278851379
-3.899175206;1.336264081
-4.203846307;1.149138351
-3.973362977;2.000086856
-3.915795284;0.947669476
-4.099113445;1.183462352
-4.067323144;1.131160587
-3.508355657;1.897665006
-3.738339186;2.104037095
-3.223108388;1.69792473
-3.825340009;1.301582732
-3.900606107;1.767361652
-3.461264786;1.592585162
-3.803483727;1.897193326
-3.393014742;2.475461298
-4.587460687;1.778569162
-4.412307736;2.209287707
-4.225113608;1.629040063
-3.073382257;2.023530225
-3.646889665;0.908168182
-3.952230401;1.411632081
-3.996528293;1.302466202
-3.715080449;2.03556467
-2.73420157;1.700545653
-3.860318328;1.658675572
-4.1907533;1.262000101
-4.473926252;2.501959639
-3.494229934;1.935906947
-3.881678971;1.417840864
-3.579827283;1.542781438
-3.702550411;2.039808037
-4.400352195;1.841661461
-3.953005134;1.316842775
-3.874207958;1.363088583
-3.495309192;1.688915963
-3.937568815;0.88795212
-3.856049967;0.870008461
-3.755863277;2.31437038
-4.383195724;1.894414512
-4.422505208;2.576735916
-4.041367265;1.272795932
-3.788170913;0.822008125
-3.116417858;1.796075996
-3.475379307;1.352391307
-4.372986158;1.592115058
-3.027354129;1.979576324
-4.345607863;1.096164969
-4.100271898;1.850921285
-4.025752434;0.197738366
-3.69960724;2.560108512
-4.665264357;0.95928324
-4.057209815;1.74400838
-3.76274904;0.826810935
-3.622170028;1.012438044
-3.231285086;1.237642343
-3.763145962;1.669598742
-5.148100065;2.217776503
-3.864152071;2.251032937
-3.415681755;1.68718769
-2.623016344;1.397833217
-3.330820958;1.121054701
-4.209591193;2.169858621
-3.414191146;1.509955463
-4.306497416;2.483437579
-4.321062751;1.971080277
-4.70728391;1.235553878
-3.185490341;2.303103401
-3.66763022;2.241801567
-4.396364505;0.504717333
-2.696694598;1.558918999
-3.557047741;1.23742725
-3.834849468;2.665957462
-4.271479965;1.763442208
-3.368945064;0.990412034
-3.806207471;1.356535683
-3.23613463;1.629695122
-3.553824141;2.018885066
-3.356049363;1.82572996
-3.743634138;1.415897323
-3.34867614;2.513901043
-3.999277481;1.471854562
-2.989341794;2.195516962
-3.494182922;1.434872063
-3.727764098;1.00424738
-3.836935183;2.137267022
-4.012594622;1.130229767
-4.419651893;1.189327214
-3.602057544;2.117328367
-3.452569152;2.329830175
-4.236784946;1.976358734
-3.797699326;3.09951157
-3.261760164;1.84691269
-4.41055872;1.885596739
-3.164154085;1.417022884
-3.650204449;2.381696194
-3.614152427;1.088330447
-3.358816383;1.796585214
-3.389905977;1.522052744
-3.910855711;2.403904422
-3.496050559;1.26583931
-3.533664426;0.723118751
-2.917547418;1.126576144
-3.466597833;1.892958584
-3.400545051;1.426584699
-3.664113443;1.512886163
-3.444493287;1.272436746
-3.797964636;1.873130319
-3.572385799;1.031049189
-4.200632028;1.153869604
-3.535632315;1.607369169
-3.926469926;1.569512181
-3.700543182;1.633750703
-2.296645859;2.732792344
-3.942298167;1.599275241
-4.004116383;1.193249693
-4.762523858;2.10572559
-4.103280659;2.133869815
-3.669752879;1.552235818
-4.272925153;2.310063596
-3.691576855;1.806848279
-3.846759564;1.039960115
-4.312148897;1.759817415
-3.909034173;1.917687181
-4.777878636;1.299700517
-4.222841845;2.858942056
-3.424512549;1.772178154
-3.816587168;1.526741216
-3.574230855;1.895907991
-3.184618975;1.437838701
-3.531061947;0.974265814
-3.206218159;2.529616185
-3.878663802;1.668812148
-3.129046413;2.243065188
-4.305554178;2.161289936
-3.297977531;2.424863396
-3.392303426;1.660543581
-4.197500155;1.704494805
-3.523991784;1.95682194
-3.74084006;2.076541896
-4.285295991;2.24020105
-4.053063373;2.62013614
-2.15549926;1.998618136
-3.673934984;1.609989217
-3.782096372;2.028385121
-3.667492723;1.605617404
-4.360220064;1.485520108
-3.892340244;1.563832141
-4.432652358;1.761742381
-3.438476731;1.781941098
-3.461140404;2.119497149
-3.696671444;1.94394504
-3.176776775;1.159482621
-3.814410677;2.258311614
-3.527503975;2.261219003
-2.307788818;1.051240557
-3.490095189;1.588525672
-4.976974825;1.647196616
-3.438702756;1.370550565
-4.58967297;1.878150367
-3.514838042;1.663596862
-3.697925619;1.668413448
-3.310803958;1.446671899
-3.902059938;1.615450856
-4.194898489;1.525555665
-4.203808144;1.725922241
-3.816705203;0.982913812
-4.281381213;1.361273114
-4.802965867;2.277455527
-3.199852959;2.023545013
-4.133104204;0.442751128
-3.11214725;2.257192494
-4.42394936;2.424126142
-2.963395447;1.50870405
-4.421489079;1.784518154
-3.019576025;0.880077057
-4.337080828;1.875831126
-4.228420923;1.713737067
-3.421265018;1.466308541
-4.026688046;2.145404678
-3.660444478;1.004821586
-3.933021082;1.877186437
-4.201542851;2.903863886
-3.270956674;2.251886389
-2.418907207;1.69413822
-3.760301959;1.802955053
-3.379252441;1.513201219
-3.499849941;1.430669638
-3.567108544;1.693637675
-3.500134164;1.539870172
-4.195897491;1.968151038
-3.813573792;1.234594478
-3.703705827;0.7509491
-3.350552064;1.046633521
-4.743984708;1.097820427
-4.194544117;1.109533716
-4.604722927;1.415422927
-4.249438196;1.623263866
-3.308103359;1.537309225
-4.345024972;0.92125185
-3.183240224;2.178266354
-4.217420626;2.346635185
-4.032647917;1.808055234
-4.049583224;1.015920535
-4.095385049;1.582472248
-2.982934631;1.589789866
-4.531610527;2.482028843
-4.21883407;1.569228554
-3.061603625;1.392828104
-4.804991048;0.772716924
-3.411679334;2.452030307
-4.293873801;1.637699573
-3.838012529;1.597497531
-3.536816538;1.89613767
-3.320571299;1.442260701
-4.241641891;2.372845923
-3.051847552;1.019588141
-4.127447366;1.305409845
-3.940398983;1.721900837
-3.437371236;1.053035008
-3.556742328;2.620520152
-4.023794437;2.097844129
-3.911606016;2.345582047
-4.056457398;2.106382125
-2.54326102;1.366242622
-2.968269599;0.674326162
-4.185717137;2.05195035
-3.670484767;2.193292612
-4.224130578;2.109981248
-4.166530669;1.691543583
-3.797253278;1.794764723
-4.156460058;1.167237118
-3.685841179;1.917816315
-3.192085186;1.785375302
-3.767548336;1.339882577
-3.837668755;1.646809789
-3.716681068;0.737751033
-2.880666908;1.949530941
-4.771966189;1.393740107
-3.368675076;1.048509742
-2.561664354;1.258447482
-3.424512858;2.317902047
-3.434647682;0.957816889
-4.792756259;2.576041075
-4.907249127;2.07014376
-3.775744821;1.935376989
-3.392671552;1.741020152
-2.828461005;1.722270689
-4.413441372;1.30105823
-3.72735659;2.543631774
-4.27948118;1.920297016
-3.936322093;0.872838137
-3.56354208;0.642378257
-4.535528881;1.765253488
-3.368684277;1.751993051
-3.777111152;1.68482254
-4.065921529;0.31420324
-3.881118632;0.16006551
-3.938545821;2.624372122
-3.912739504;2.127299782
-3.509011223;1.578594991
-3.722302508;1.975931122
-3.990890437;2.071711327
-2.8863105;1.3561168
-4.181319412;1.703814969
-3.079233837;1.959652533
-4.015014034;2.042490496
-3.884054548;2.368174901
-4.476020696;1.710121969
-3.05861033;1.846099574
-4.321993973;1.666939379
-2.717329832;1.50657756
-3.434193051;1.218351284
-4.095005969;1.968977696
-4.662180281;1.776600197
-4.290829348;2.519198135
-4.323741516;0.773254228
-3.954681763;2.217408957
-4.289909099;0.982724267
-3.826668683;1.494872613
-3.302596495;1.581280123
-3.390892537;1.673316386
-4.421005164;1.325752022
-3.525618633;0.790253791
-4.316065043;1.666130783
-3.616349588;1.33528265
-3.703401375;1.481537747
-3.466383855;1.352712816
-3.487564604;1.958385056
-3.387866995;0.970526858
-3.338922085;1.280946728
-3.733701934;1.095848943
-3.497012239;1.65536692
-4.740895692;2.012238714
-3.216470218;1.796686389
-3.250429725;0.05421523
-3.428639123;2.392581205
-4.167384134;1.933664769
-3.872882551;0.886012741
-3.125466261;1.725569215
-4.407462813;0.717264166
-4.202433446;1.901225995
-3.882043122;1.600838935
-4.650733266;0.998318433
-3.551259745;1.629800052
-3.545213009;1.963115149
-4.182094951;2.322099339
-3.693430242;1.794583442
-4.842731929;1.554176843
-3.840059468;1.882691686
-3.632881175;2.832946168
-4.430252739;1.89819017
-3.430965618;0.631893833
-3.14170779;1.098053246
-3.77007543;2.529470842
-3.77361727;1.621116864
-4.664904081;1.457620604
-2.713548355;2.220713374
-3.40439985;1.492705323
-3.689602112;1.870153059
-3.693115079;0.876688733
-4.819070428;1.564309011
-4.41151542;1.320527771
-4.757848425;1.544933429
-3.706672558;2.082633264
-4.049308619;1.654768786
-3.373605242;1.995294751
-4.522041292;1.841108242
-3.978731213;1.953743998
-3.7030571;1.768831002
-3.561670337;1.777390175
-2.734984103;1.587722401
-3.393935762;1.249521585
-3.570426244;1.016954183
-3.949046342;1.252313079
-4.419443286;1.884309292
-2.666169528;1.800330442
-3.442005041;2.211810917
-3.82252176;1.697297182
-3.497913433;1.968990978
-3.691714066;1.376150572
-3.677782424;1.829277531
-2.996908505;1.16282532
-4.074363586;1.884832103
-3.901913448;3.087108676
-3.72794213;1.044545963
-3.943432215;2.120028163
-3.680771786;2.056704619
-3.617836092;1.124477905
-3.500932061;1.434252849
-3.173959286;1.297426726
-3.748261422;1.159639187
-3.417604957;0.674910184
-3.72280173;2.237486297
-2.678372783;1.595460319
-3.584692937;2.273741139
-4.054614284;1.637355002
-4.029838849;1.583149304
-4.124029397;1.951513722
-4.745855775;1.760942612
-4.166358963;2.518647993
-4.344626471;2.191951228
-2.832521175;1.79834697
-3.892661733;0.667974191
-3.609779772;1.26943226
-3.937411622;0.640418046
-3.876893835;1.901073577
-3.953309573;2.061186362
-4.272748982;1.385556318
-3.42652448;1.203059091
-3.333269841;1.070336961
-4.162197319;1.360634682
-3.856500271;2.385761523
-3.544526446;0.999001501
-3.536988349;1.380719003
-3.825057732;1.678547082
-4.064079018;1.314345279
-4.238841532;2.208035956
-2.973793051;1.704886181
-3.405728429;1.907032952
-3.588853549;1.847469214
-2.83110769;1.401520706
-3.727743234;1.702254155
-3.612275231;0.955328311
-3.704633042;1.627065031
-2.212024157;1.572616345
-4.495469102;1.333463064
-4.218947458;1.73399607
-3.899804948;1.168865443
-3.88536294;1.377699313
-3.478859392;1.217200769
-4.059631656;1.648107862
-3.620691004;1.404700044
-4.403891438;1.910738849
-4.058551038;1.817395902
-3.752582932;0.563392499
-4.501871661;1.168770384
-3.766579588;0.825693583
-4.219500157;2.120440699
-3.734280917;2.233392071
-3.896634426;2.059622153
-3.976272598;2.266526628
-3.850342337;1.553287569
-3.162761738;2.204126452
-3.638045906;1.664513416
-3.14233581;2.634316207
-3.540907096;2.24268858
-3.716125728;1.971288685
-4.536261189;1.927315895
-3.742045895;1.052588753
-4.045217388;2.526494975
-3.186727946;0.858960555
-3.997350662;1.332192954
-4.218600747;1.262620417
-3.500336737;0.793811773
-3.804615627;1.176282101
-4.096148838;2.38274388
-3.321832254;0.926439253
-3.937158393;2.383312625
-3.494348477;1.492093967
-3.591525405;2.330813788
-3.566771712;2.179628898
-4.028341449;0.962320808
-2.964858435;1.458272073
-3.588478917;1.827127066
-4.693607878;1.471634583
-3.159676725;2.040936622
-4.266546685;1.095618523
-4.430711811;2.258332347
-3.099142228;0.929163052
-2.375840229;1.286718321
-4.446221906;1.749512644
-3.754307017;1.409759003
-3.917568776;0.343817039
-4.507696063;1.887734797
-3.523316715;1.70215126
-4.153614764;1.754242988
-2.580478269;1.174662326
-3.588523239;1.427079999
-4.102181525;1.778006047
-3.663298202;1.581559084
-3.514672224;0.640348079
-3.36549323;1.83811355
-3.37348223;1.94387157
-3.993588236;2.043951641
-4.079892078;1.817340367
-3.650207021;2.009956455
-4.53004677;1.451779592
-3.177294269;0.753967197
-4.103218483;2.238276732
-3.894079303;1.759037488
-2.76554515;0.74020139
-3.83204661;1.02985486
-3.228785662;1.827731068
-3.253863047;2.262088632
-3.724332104;2.689991049
-3.49816486;2.029198206
-3.778607732;3.115296544
-3.738177441;1.986296333
-4.069458864;0.997589844
-3.118474592;1.010732831
-3.290588967;1.843427977
-3.079957119;1.616982832
-3.067005148;1.932712621
-3.886157261;0.467798713
-5.186314126;1.4047226
-3.979726962;1.630920524
-4.194859084;1.525453662
-2.841464621;1.878920514
-4.230821314;1.614515509
-3.825918002;1.531278822
-3.586292771;2.298815348
-3.507254656;2.167866837
-3.204756351;2.067650727
-3.707956838;2.239826138
-4.154990039;1.102857757
-4.565579096;1.61565377
-4.613511285;1.473434477
-4.011797565;2.606546796
-3.044347042;1.650095823
-4.4961802;1.540288688
-3.554408575;1.991384636
-3.543243359;1.811626432
-3.873571181;1.936716232
-4.711315385;1.332460068
-2.859880543;1.988691524
-4.438044449;1.367160085
-2.884040471;1.215937763
-4.512917854;1.03784647
-3.896024371;1.252937426
-3.855395648;2.020217776
-3.700956761;2.496644452
-3.41361094;1.292410705
-3.503811426;1.344382769
-3.971431925;1.41830981
-3.08531015;1.530931101
-4.067366391;1.449274194
-4.128089222;1.540914125
-4.216675856;1.051735802
-3.802899257;1.350120568
-4.21512642;1.524390668
-3.332080514;1.585111176
-3.523819087;2.078131516
-3.182717002;1.545263585
-3.915818863;1.36107143
-3.589286841;0.92086347
-4.007089631;2.144271069
-2.556166551;0.958586187
-3.550579351;1.42865923
-3.318268407;1.556431433
-4.311105842;2.18842991
-4.063106714;1.532393641
-4.802001229;1.846000767
-4.350477765;0.755267393
-3.539888563;1.647376778
-3.833395207;1.074672826
-4.134852646;1.259605399
-3.675000124;2.198294007
-3.794045229;2.636984383
-3.290972812;1.495786096
-3.676829146;1.938473977
-3.322108171;1.762507708
-3.697202527;2.021284488
-3.26642547;2.084442624
-2.982254959;1.773781431
-3.768800874;2.104002301
-2.937402985;0.954939719
-3.532823226;1.82498504
-3.549448282;1.623064008
-4.592714778;1.760028379
-3.542143761;1.642270527
-3.641361557;1.871180546
-3.916511849;1.387437352
-3.046568776;0.943061225
-3.404234012;1.782420889
-4.368575617;1.932842918
-3.61593799;1.482682915
-4.712054605;1.329388564
-3.494029189;1.297900545
-3.820350786;0.400731677
-3.397706268;2.244243289
-4.354968827;1.100246422
-4.092215308;1.738213096
-3.818282184;1.57330465
-3.558895003;1.277115934
-3.55780904;1.471544686
-3.682201923;1.531889177
-2.82672699;1.398099002
-4.101255929;2.135277708
-4.051500945;2.173323455
-3.870825423;2.307517428
-4.432235821;2.264581108
-4.197782538;2.030246541
-3.36186141;1.556314006
-3.658624478;1.11030679
-4.234136696;1.185304065
-3.735385089;1.793967621
-3.778994303;1.494102818
-3.670960228;2.075657237
-3.819253769;1.895451187
-4.701448149;1.880226039
-4.28099921;0.971383398
-4.37100357;1.735078223
-4.446858194;1.132576653
-4.878148525;1.367012986
-3.785883809;0.981173024
-3.681871667;2.317673568
-4.687052605;1.283698696
-4.198982106;0.834908698
-3.977833279;2.460034849
-3.314967176;1.531937795
-3.912114989;1.910501052
-3.907955267;1.718486032
-2.894285555;2.266794188
-3.730046824;1.341432622
-3.756045933;1.625220224
-3.709633631;2.725638911
-4.530424127;0.796888595
-4.068710048;1.593287384
-4.403105839;2.318715073
-2.943053611;2.167042261
-2.840367844;1.951308779
-4.408087245;0.736899386
-4.158369686;2.020271553
-3.325869515;1.828563388
-3.602827427;2.898976061
-3.090332647;0.534804631
-4.501458962;1.565971516
-3.431770154;2.027180337
-4.018694266;1.002636508
-3.149143821;0.856822407
-3.699863365;1.072927325
-3.305609989;1.966214082
-3.469826766;1.884972196
-4.280967324;1.239877489
-3.62153404;1.575312192
-4.59593771;1.071622216
-4.014582585;1.582522858
-4.222737873;1.709310142
-3.849000951;1.99432569
-4.3464186;2.011865341
-3.590306148;2.492366074
-2.984810513;1.800263061
-3.552485755;1.659134871
-3.877744314;1.425753882
-4.014734326;1.951477253
-4.074610037;1.097980269
-4.465027931;2.949962227
-3.281363996;2.341175797
-4.362329825;1.658027079
-4.774987258;1.904986615
-2.918550432;2.6837365
-4.785490002;1.142351667
-3.296378276;1.574491616
-4.203081741;1.359876487
-4.312029077;1.603377357
-3.596880399;1.213928786
-4.204768679;0.77963286
-3.475997461;1.334871521
-4.114724736;1.495190767
-4.133446772;1.385919346
-4.591764905;1.135206065
-4.656012434;1.247373141
-4.047251312;1.988084784
-3.233860896;1.901931048
-2.825160762;0.982037457
-4.573778682;1.768051366
-4.122920018;0.972286342
-4.413523337;2.13651636
-3.795502947;0.288904727
-3.477316476;2.063086587
-4.288377603;1.077210553
-3.479185895;2.116466023
-4.474326971;0.970290219
-4.218898716;1.755611569
-2.999914653;1.718757994
-3.927689909;1.382325492
-4.176202211;0.835330509
-3.760364064;1.787629581
-3.724198315;1.755918603
-2.986141504;2.379714818
-3.378305117;1.731504027
-2.886554611;1.595298625
-3.931821888;1.41307607
-2.963316528;1.471651099
-4.41826237;0.82748762
-4.057834266;1.460766721
-4.774401969;2.030851804
-3.460455496;1.847248105
-3.936353762;1.171426828
-3.838460735;1.411762792
-4.076107012;1.24690685
-4.857432511;2.149144985
-3.931450296;1.657863595
-3.283026763;1.074456269
-4.197511536;1.306919237
-4.395127155;1.874125258
-3.475555219;1.797132528
-4.600208726;2.450823768
-3.694136957;1.264547123
-3.658824883;1.598456348
-4.353693539;1.425877272
-4.07438153;2.012547046
-4.873219887;1.347947708
-3.26862736;2.051280836
-4.260844144;2.062939682
-4.107404233;2.082933073
-3.580300404;2.093587678
-2.578626301;1.74339993
-4.708275994;2.187843451
-4.190956985;1.961197797
-3.988325348;1.79435482
-3.680948555;1.646670943
-4.382601626;1.101369533
-3.470442636;1.370112328
-3.244738111;2.39021361
-3.388012348;2.437047453
-3.374464267;1.458856619
-4.15812818;1.62907573
-3.137345473;1.525743574
-4.101979302;2.167446098
-3.660052856;1.304268019
-3.667100841;1.401715989
-3.470862675;1.476424353
-3.899241476;1.299957119
-3.838091312;1.321801022
-4.369583421;1.463382137
-4.709712203;1.333244454
-4.87167835;1.002807788
-2.82244877;0.176575014
-3.909294874;2.059027578
-3.700858121;1.575881946
-4.73136541;1.916460519
-3.489264689;1.810508503
-3.925732007;1.880414455
-3.794367726;2.264822519
-4.511183931;1.477316423
-3.7232011;0.622544882
-4.370853071;1.990286413
-3.961066286;2.172013408
-3.287692558;1.352525516
-3.801600195;0.868232399
-4.378250585;2.008033493
-4.392740727;1.457626472
-3.747400934;1.323545707
-3.382091982;1.761850834
-4.308797857;1.003528635
-3.786472469;0.835236415
-2.809751604;0.979050779
-4.406950317;2.230924072
-3.791445801;0.651518425
-3.260287696;1.812521805
-3.560668674;2.320278691
-3.51512106;1.719608033
-3.709118041;2.19124518
-4.080636772;1.743257935
-4.214194195;2.098254579
-3.915666029;1.985212233
-3.733605223;2.122131621
-3.672620676;1.454198859
-4.236822853;1.663139058
-2.654370829;2.341631894
-3.72433046;1.49662109
-3.400211964;2.08205999
-3.784655584;1.669461201
-4.496717255;1.058956222
-3.386574045;2.153081084
-3.183137826;1.97821781
-4.425923277;2.973335195
-3.777573453;1.73732653
-3.337657328;2.467111155
-4.084827577;1.696056226
-4.578780876;2.048288901
-4.557469559;1.886366292
-3.931263082;1.85359719
-3.321127117;1.288837055
-4.954839681;1.503806359
-4.089177291;0.695127155
-4.378034237;1.403199691
-4.167021084;1.999105867
-4.347407586;2.011905126
-4.439706195;2.152461026
-3.958476851;2.197552882
-3.805919692;1.283977916
-3.863531789;1.023206005
-2.719803752;1.433955548
-4.086742349;1.224110149
-3.871645796;1.458048909
-3.456904956;1.544010461
-3.941508034;0.926802606
-3.781491391;1.779694243
-4.350292855;1.304457554
-4.310426074;1.613229544
-3.423023687;2.017081779
-3.348165002;1.158229776
-2.879981995;1.463379873
-3.323696994;1.440338969
-3.868641842;2.158153232
-3.978380952;1.204493955
-4.532310033;1.776266548
-3.993407874;1.530498278
-3.710766004;1.573909359
-3.719150475;1.932291262
-3.958465862;1.624930084
-4.432214608;1.710060031
-3.753253109;2.392502125
-4.12567407;1.434629386
-4.489146906;1.769458221
-3.926071992;1.816038857
-3.66981768;1.668276517
-4.3146144;2.814976416
-4.135330637;1.181559645
-4.160804135;1.04859027
-3.941071295;0.987813442
-4.044535382;1.81883566
-5.33546902;1.314745917
-3.527051106;1.34791057
-3.965856785;2.279249862
-5.190000367;2.729049541
-3.14673785;1.395356607
-3.811917273;1.82621489
-3.566092989;2.251528139
-3.669959312;2.071509915
-3.253055628;2.235855751
-3.503945225;1.302352892
-3.704360368;1.435796113
-3.024273496;1.910191483
-4.059811812;1.508792433
-3.70518399;1.671713794
-3.226998171;1.318748528
-3.30395379;1.048887191
-4.149378553;1.810803472
-3.922892855;2.251630368
-3.832264685;1.611009411
-4.09663343;1.532179996
-3.482762271;1.065781376
-2.877127931;0.961065078
-4.001121344;1.189129087
-3.776085646;2.164030836
-3.057682089;1.405020371
-3.349036245;2.227007779
-3.642970322;1.680482181
-3.742644106;1.167052362
-4.382856474;1.428860618
-3.957314651;1.6506058
-3.081701934;1.877562784
-4.10859233;1.420068909
-3.351910068;2.550474221
-3.992267115;2.253591095
-3.872279444;1.205319747
-4.58386016;1.474384474
-3.759177668;1.988837258
-3.678327988;1.752743638
-3.750154022;1.411695958
-3.788681583;1.489477283
-3.203584104;1.901813262
-4.19475865;1.184564241
-4.159983554;1.437640807
-3.401723149;1.171939064
-3.340191579;1.235739041
-3.652837564;1.131178162
-3.931169478;2.017087778
-4.625517093;2.46619736
-4.179229489;1.854983412
-4.278610781;0.387523695
-3.319252048;0.44540413
-3.367524483;2.69566639
-3.607144828;1.467799754
-4.192386195;2.415175619
-4.785072204;1.280361731
-3.122485478;1.689574618
-4.158779819;1.447180759
-4.211035417;1.325675226
-4.449725145;2.047772247
-3.489546858;1.34193262
-4.460844041;0.825215365
-3.153326723;0.203721402
-3.621431349;1.874401299
-3.735898509;1.362234951
-3.69615002;2.520706012
-3.962096503;1.53854831
-3.923037656;1.756378772
-3.661003517;1.460226837
-4.574456192;1.045270195
-3.796827178;1.98465629
-3.035539992;1.376144562
-4.11461631;1.416998434
-3.89267179;1.292711631
-3.505594751;1.548894514
-2.696357034;1.568277254
-4.261241482;1.45321607
-3.410369442;2.036692413
-3.498460162;0.129291697
-3.479563971;2.504138127
-3.221665114;1.855505605
-3.522535413;2.547227519
-4.667093115;0.808820985
-4.400563931;0.68020991
-3.783141149;1.861946838
-3.652281526;1.064910848
-2.743547888;1.209136606
-2.750769899;2.642150288
-3.530260609;1.495221437
-4.144202623;1.843106075
-3.953180966;1.94773938
-3.471371756;2.449591246
-4.121244249;0.933605588
-4.392948653;2.062022673
-4.025542357;1.943829248
-2.878333049;1.542474713
-4.188197925;1.518342099
-3.947392859;2.235988375
-3.628068091;1.931466707
-3.608984023;1.48148656
-3.777728884;1.699207487
-3.886288063;1.078519337
-4.519576584;1.913370095
-3.165700033;1.374762319
-3.835302716;2.135556603
-4.013775529;1.74668187
-3.360138209;1.2989705
-3.864940674;2.126692104
-4.046047251;1.766885073
-3.239296873;1.73297934
-3.861283393;1.854891164
-3.306980941;1.797782647
-3.246955734;1.07077813
-3.389592939;1.763451188
-4.099272901;1.093858035
-4.950458308;2.767679829
-3.754678019;2.205257431
-3.589774433;1.721813761
-3.830423984;1.872931353
-4.037702135;1.901267402
-3.877897798;1.695969928
-3.250946905;0.897791029
-3.520309513;1.754176152
-4.117732034;2.251340646
-3.429046892;0.860777605
-4.605154386;1.428421056
-4.497835608;2.246405925
-3.738660853;1.728845383
-4.371485058;2.204765302
-3.5727324;2.535293571
-3.267646839;1.828601742
-3.681760384;1.539272234
-3.101162815;1.875840617
-4.437179731;0.963436481
-3.809780768;1.392687712
-2.939029975;0.937600054
-4.252158419;1.542939949
-4.708641734;2.01597456
-4.560875549;1.616381965
-4.201660229;2.864072843
-2.962653235;0.965880415
-3.960057826;1.532895438
-4.010789653;1.509614619
-4.995482667;1.392688098
-4.26245267;1.901739879
-3.538952747;2.720630295
-4.21409589;1.506214717
-3.186685888;2.432844047
-4.198626267;1.395705082
-3.387391963;1.325311253
-3.951833573;2.016450967
-4.11089639;1.143848827
-3.811960584;0.886934243
-3.939010283;1.42555502
-3.857398756;1.733175017
-4.352858738;1.622700107
-3.967979062;1.630093735
-2.719054949;1.947262794
-4.026072578;1.261874533
-3.804358761;1.74218351
-4.810629887;1.623224441
-4.614214343;2.176505101
-3.478231923;1.811254943
-3.866174882;2.114009143
-3.683824808;0.660060255
-3.99744285;1.322158558
-4.343893073;1.189020013
-4.2690196;1.909199778
-4.490675756;1.718506402
-3.996143918;1.79395379
-2.377297743;0.689865322
-4.150950233;2.520955868
-4.10561467;1.190968346
-3.643732996;2.022929773
-3.247112427;2.105380417
-4.285759102;2.157560737
-3.662508388;2.143584776
-4.465376012;2.401026871
-3.829559889;1.882392574
-3.773611661;1.224513742
-3.825771353;0.992669202
-4.303408911;1.028953339
-4.840091318;1.537655684
-3.208437563;2.400284492
-4.687109092;2.175681802
-3.890716737;2.20089984
-4.627364361;1.622307719
-3.481675637;1.662392089
-3.932554147;1.664911192
-4.094748468;2.554647537
-3.037221783;1.528126642
-3.702291861;1.796618404
-3.579475831;1.332109453
-3.58371472;1.346717953
-3.617243025;2.163369842
-4.062243411;1.336009949
-4.542167669;1.79499667
-3.525689959;1.906072671
-3.504476422;1.486175222
-3.849680801;2.351959106
-3.494115701;2.114488857
-3.503858226;1.790532756
-3.234811159;0.48395308
-3.603767625;1.815053111
-3.98644589;1.964225611
-3.640419872;2.027204591
-3.709686725;1.684593238
-4.270792722;2.620030817
-3.943000534;1.626432514
-3.992846207;1.235698946
-4.039690363;2.360940763
-3.948955119;1.528359184
-3.061732908;1.373438739
-3.031424498;2.221226304
-3.959260898;1.25287825
-3.705204579;1.024794914
-3.963026582;0.846142011
-4.908097775;1.993936482
-3.394886196;1.039148212
-3.289572309;2.084273793
-3.576812511;1.626818522
-4.63144049;1.363489256
-4.411072555;1.803971272
-3.156894208;2.661900178
-4.403485402;1.477482025
-3.380603519;2.269543935
-3.598604112;1.818919235
-3.797224556;2.106848152
-3.472456262;2.022305765
-3.996725822;2.455192824
-3.557883667;1.301238819
-3.470825952;0.965966637
-3.840910565;1.382893318
-3.749506854;1.175972003
-3.278832929;0.994398195
-4.629627733;1.772837852
-3.823309499;1.901123217
-4.243839088;1.256884076
-3.849907292;1.590742384
-3.460232692;2.059244787
-4.106718033;2.474665646
-4.441866229;1.366784561
-3.708853298;1.169881608
-3.417130884;0.826893826
-3.692030908;1.929406524
-3.239838932;2.210289694
-3.691083293;1.139007686
-4.161785852;1.882106789
-3.738622163;2.151371964
-3.632427401;1.235425161
-3.556373638;1.765157973
-4.548752374;2.025072557
-3.704001758;1.551768049
-4.030200365;1.89518338
-3.579937767;1.669178838
-3.310995109;2.236483365
-3.974149739;2.436345542
-3.774168721;2.37251796
-3.297315951;2.012684404
-4.213549958;1.474081365
-3.716858557;2.742872943
-4.115378356;1.519856763
-3.627552642;2.870372149
-3.950634296;1.846510732
-3.70116924;0.937117469
-4.60246443;2.026870681
-3.017459839;1.662063436
-4.399864873;2.468582012
-4.462049298;1.481664956
-3.990938007;2.196933408
-2.039868436;2.154853203
-3.725556313;1.781844246
-3.789407776;1.338347328
-3.443495797;0.489811366
-3.999814237;2.768447309
-4.817295752;1.702313896
-3.488387462;1.239034889
-4.228669531;1.822502448
-3.582681028;2.301181173
-2.92325457;2.170577074
-4.034983688;1.363741436
-3.990330921;2.164522602
-4.061240915;0.891292471
-4.121291079;2.079645769
-4.409349564;1.993335663
-4.095691468;1.951246927
-4.108912285;1.525064569
-4.88952207;2.238866832
-3.612529934;1.629702729
-4.077834376;1.406716668
-3.530105072;1.251364728
-4.085211239;1.945693121
-3.601366066;1.548804147
-4.18522972;1.978658951
-3.871025789;1.882406081
-3.785980153;1.937053493
-3.911854645;1.807724057
-4.204804901;1.611526224
-3.94432617;1.991263449
-4.456394357;1.377331072
-3.946657058;2.064746697
-4.302408794;1.82861132
-4.024036675;2.021795079
-4.412959889;2.533594997
-3.992109509;1.14390945
-4.302694708;1.716780868
-2.467317317;1.922194014
-3.692125892;1.770110608
-3.735490809;1.028941829
-4.201009454;1.76427922
-3.061972307;1.874554058
-4.440587517;1.548491069
-3.31234398;2.222304147
-4.005519456;1.932054127
-3.4340087;2.007167974
-2.790471478;1.764656951
-3.447279996;1.250874845
-4.424914753;0.996696869
-3.82900409;1.770012826
-3.677858125;0.860571484
-3.887607272;2.29419497
-4.226895626;1.808466973
-3.253966319;2.061231462
-3.229313199;2.589028547
-3.805485552;1.763246965
-3.381999828;1.403430257
-4.144463777;2.630004672
-4.098443053;1.47378849
-4.173901887;1.787959488
-3.849682391;1.558622516
-3.405208619;1.175224719
-3.530412901;1.081544965
-5.130028746;1.878337682
-4.420878862;0.70332011
-3.76346977;1.471729741
-3.436518197;1.24030447
-3.718459555;0.723755593
-4.145396046;2.741546876
-4.099293731;1.226211938
-4.025494761;1.542622705
-3.896003159;2.312884482
-3.48442626;1.528357504
-3.459709105;1.03673241
-2.825497683;1.231142312
-4.045125849;1.375765378
-4.420889286;2.761219028
-3.497178632;2.458495337
-4.671729536;1.916591967
-4.125308967;1.134553521
-3.928883103;3.299875504
-4.465551962;1.31178389
-3.439289357;2.149024401
-3.708736495;2.061208626
-3.136580648;1.424721927
-4.765463075;1.195959828
-3.505261033;1.701610151
-3.82220967;1.766143579
-4.269530089;1.44145973
-4.074824837;1.054217508
-3.844267664;1.447596815
-4.281534311;1.387433927
-3.645535033;2.082867103
-4.765326265;1.06235776
-3.868481105;1.554928021
-3.706102638;2.285303064
-3.91751552;1.068550964
-3.372146236;1.159210174
-3.607336624;1.186239858
-4.090580459;1.904742657
-3.857663294;1.78553814
-3.642444477;2.063743721
-3.216954325;1.768825192
-2.833096299;1.297455763
-4.849638301;1.489918188
-3.869084508;1.244295339
-3.538325875;1.726521007
-4.0940361;1.902258452
-3.455432727;1.79391429
-4.079786916;2.577087245
-4.118090186;1.374049348
-4.138759713;1.572719566
-4.101768543;2.635967366
-3.651858297;1.925410367
-3.591265499;1.474483394
-3.174395965;1.368983017
-4.472074745;2.384722485
-3.809685406;2.390395213
-4.054869057;2.116850079
-4.113195489;1.338132913
-2.861537658;1.382827156
-4.32774771;2.580415911
-4.007109001;1.565586028
-4.415965018;2.120327417
-4.060848352;2.227029615
-3.390698339;1.207635679
-3.432185584;0.850065914
-3.161475589;0.611882369
-4.303846896;1.381017165
-3.995332913;2.802942629
-4.449640828;1.94040908
-4.202428251;1.487094225
-3.857902445;2.423559109
-3.140163204;1.04171253
-3.979798827;1.356337992
-3.977471348;2.346502858
-3.699518053;1.565349139
-4.011327459;1.059896652
-3.768352251;2.616057739
-4.255700692;1.970179068
-4.250592515;1.908247522
-3.691125034;1.282591585
-3.175938284;2.561337341
-4.017152947;2.07267994
-3.428147826;2.663010598
-4.287978792;2.163955975
-4.378109008;1.21003487
-4.955591153;1.411619242
-3.973182141;1.742402134
-4.211104577;1.217732449
-3.596609396;2.432456481
-2.767457533;1.869347587
-3.436995516;1.447220969
-3.572199487;2.459436148
-3.969847021;2.032808118
-3.789522622;1.87963174
-3.70982721;1.761602947
-3.719996621;1.758947238
-2.723090199;1.895198952
-4.074575695;1.712724742
-3.884517053;1.731572359
-3.774431869;1.8210519
-3.558080725;2.533977477
-4.556383994;2.265702462
-3.380446374;1.768422392
-4.23662762;1.448398163
-3.723994579;2.189051778
-4.919045909;1.929348966
-3.456309758;2.100286479
-3.281376555;1.974327229
-4.260079308;1.195683988
-3.596092313;1.394030822
-2.958033563;2.510618033
-3.519292379;1.661958327
-3.86194934;2.272868331
-3.775381796;1.638656194
-3.737300167;0.702797806
-4.539918017;1.313724464
-2.480428008;1.181634934
-3.695331715;1.667885833
-3.039783171;1.678665319
-3.91202139;1.268494282
-3.215120466;1.95918453
-3.40778836;1.338568383
-4.17977804;2.27124109
-4.068458131;2.094999693
-4.278815239;2.591167932
-3.779948934;1.68778669
-3.841592405;2.308233782
-3.445771012;1.459069015
-4.624208621;1.64844542
-3.885992996;1.910638766
-3.792901557;1.09100173
-3.377413617;2.045200848
-4.158355566;1.660278525
-2.92141045;0.885644121
-3.202318578;0.976664746
-4.329310582;1.77988916
-3.657303007;2.262168379
-2.453701604;1.765674932
-3.807094861;1.945250991
-2.700110444;1.737005361
-3.402549335;1.386476603
-3.693301171;1.028181122
-4.553677419;1.487055838
-3.872869259;2.273179518
-4.064517064;1.902083176
-3.850946939;1.279113665
-3.599185368;1.990785099
-4.452678855;1.832340401
-4.046075883;1.655156306
-3.430330882;2.293989196
-4.220949828;0.955448588
-2.687492423;2.645316041
-4.1160224;1.27986678
-4.229757664;2.404002614
-3.811284912;1.957062998
-3.917615974;1.953242537
-4.367212765;1.25498747
-4.381007392;1.124362536
-2.981648094;1.127123238
-4.2592461;1.962416115
-3.981617959;1.440722906
-4.356839617;2.399315372
-3.802879941;1.713355425
-3.858189082;1.375193594
-3.819350049;1.345673752
-3.681988579;0.798531342
-3.536696582;1.550420541
-4.564004011;1.533321201
-4.013124931;0.507913511
-4.222758066;1.217709037
-3.072547938;1.731008495
-3.89993695;1.873243342
-4.38275969;1.768380021
-4.426720981;2.335940631
-3.030909577;1.408527574
-3.154535209;1.430865041
-3.658475307;2.561187099
-3.331719642;0.43007025
-3.534495089;2.11869569
-4.322189004;1.216907042
-4.239598515;1.094325535
-4.228477083;2.26585382
-4.136821589;1.178197146
-4.219077408;1.295109149
-3.474223635;1.892415612
-4.490853737;1.011619631
-4.199543436;2.483185292
-3.60361448;1.316490449
-4.630308412;1.323628822
-5.176581857;1.712507259
-4.029918255;1.841840506
-3.031281492;2.130632172
-3.858647632;1.249998434
-3.611789851;1.753204013
-3.384631666;1.993840792
-3.329524451;1.435713465
-3.631502528;0.749562084
-3.967806376;1.932875027
-3.877407804;1.290688389
-3.92130127;1.821437101
-3.108173419;2.15630938
-3.467466483;1.827729251
-3.859824317;1.279928547
-5.065635876;1.226622125
-4.174416536;1.46586005
-4.725924126;1.121006792
-4.083712342;1.302572666
-4.075849476;2.08584775
-4.882132614;1.719352368
-4.081884303;2.090118672
-4.475653199;2.347807281
-3.79890272;1.554724602
-4.200649825;1.538290243
-3.922827249;1.848731479
-3.222387518;2.136729462
-3.991202731;1.085710645
-3.496123139;1.899077201
-3.832331047;2.082973991
-3.301709188;1.669411964
-4.008099573;2.132661528
-3.954032795;2.064432294
-3.716893679;1.654997067
-3.644171175;2.146896319
-3.524805887;1.799400776
-3.301893613;1.558870523
-4.379260828;2.114988986
-3.620311951;2.472053997
-2.98590297;1.60218035
-3.544728984;1.286440498
-4.091797149;2.207263277
-3.49924701;2.051168672
-3.808439845;1.79992814
-3.439906517;1.897522742
-3.60119688;0.551451244
-3.988272298;0.902773073
-3.399630163;1.45142227
-3.761113252;2.480326467
-4.831749089;0.686196361
-4.148676215;1.865626335
-3.827408645;1.242487001
-3.959091382;1.868084029
-4.13402047;1.59236681
-3.9639904;2.086856036
-3.957090491;1.977191608
-2.678434152;2.887966555
-3.616531203;2.035595227
-4.125699694;2.293804763
-4.09473392;1.709538626
-3.786961289;1.906280852
-4.35681064;0.758427571
-3.352428692;1.365635116
-4.366255327;1.823929147
-4.067247224;1.582172794
-3.567500521;1.920680276
-3.6049314;1.414550065
-4.109535021;0.614668375
-4.011133817;0.767716325
-3.729531448;1.33690072
-4.253680724;2.254022208
-3.808186962;1.49780907
-3.314089756;1.786785309
-3.400530367;1.965354296
-3.383822615;2.500711287
-4.493848467;2.319957192
-3.848015729;1.551841524
-3.331819229;1.596300194
-4.211773918;2.504201896
-3.441611278;1.461930995
-4.489625627;1.098421703
-2.985527725;0.506781645
-3.135854581;1.430929882
-3.148198398;0.884909526
-2.677546628;1.966358301
-3.612540359;1.28052731
-4.63792144;1.936426326
-3.22594246;1.722950316
-3.155516825;1.239584629
-3.056899924;1.975489151
-3.504833804;2.034803321
-3.237250277;1.247879281
-4.208434311;1.71472941
-2.812303574;1.721049799
-3.510836646;2.220377003
-4.322640641;2.08519948
-3.07960434;1.680456914
-3.51287699;1.537192066
-3.515836582;1.284685488
-4.344721271;1.457305491
-4.731373752;2.04460229
-4.131506545;2.300408326
-3.447338234;1.610523864
-3.887573474;1.685444971
-3.784386234;2.015808525
-4.005009761;1.101374843
-3.188669133;1.233811396
-3.521393431;1.477640259
-3.443380221;1.378168495
-4.695645656;1.075782708
-4.820132977;2.328872535
-4.080060873;1.205699171
-3.993842358;1.541278442
-3.672115644;1.834904939
-3.690068982;1.059659411
-3.191487859;2.123363855
-3.988524558;1.297753535
-4.044437982;1.92753237
-3.773230967;0.625772193
-4.570035186;1.601506458
-3.179228198;0.857850258
-2.297402173;1.677000687
-3.611429345;1.42102071
-4.182556438;0.636681151
-4.246558308;2.184602301
-3.863316481;1.879072132
-4.471190339;1.787047604
-4.349749504;1.334920975
-3.53004748;1.287519367
-3.875821153;1.535082832
-4.193721807;1.733159783
-3.60551314;1.912093811
-3.414772975;0.856135292
-3.168543771;1.987086774
-3.916493987;0.415834666
-3.636241303;2.019793601
-4.502098811;1.201621758
-3.786452763;1.771450308
-3.848843994;1.903021739
-3.58113277;0.919614945
-3.732055923;1.623016456
-3.334045939;1.708369084
-3.14813208;2.145450308
-3.654732821;1.534355651
-4.203429624;1.803596257
-2.729107291;1.881522998
-3.164864075;2.033539725
-4.061552532;1.78835291
-4.510983988;1.406391545
-3.92776953;1.656052046
-4.016948326;2.002483663
-3.363548249;1.201684283
-3.579117518;2.04178631
-3.892033682;1.760906366
-4.046254279;1.41890676
-4.01022965;1.754306003
-4.602564925;2.065488546
-4.141637275;0.286231696
-4.759331723;1.33249187
-4.506033194;1.614442988
-3.59309293;0.335107655
-4.107033518;1.863492141
-3.136828493;1.802714073
-3.670794813;1.796155337
-3.882730206;1.044029458
-3.786443186;2.956805898
-3.68083382;1.903785073
-3.470182243;1.813439278
-3.430386505;2.206635497
-4.398527361;1.932637251
-3.334347386;1.057703229
-3.650231903;1.122975968
-3.603148637;1.99600266
-3.716629828;2.487252748
-3.821410352;1.850933454
-3.362563794;1.571385815
-4.009228493;1.285827841
-4.168555893;1.717063204
-4.078466196;1.885772301
-4.837755549;0.947821339
-3.55578253;1.389213839
-3.309613941;1.074308645
-3.339135412;1.053252578
-3.582450301;1.359688013
-3.476020327;0.627835414
-3.895737835;1.350310158
-4.534845823;1.926244955
-3.925355786;1.771841793
-3.626858831;1.59437198
-3.482555788;0.729558398
-3.18900321;1.949824975
-3.965307427;2.087809217
-2.644513723;1.639981185
-3.691096417;0.534567549
-3.09257169;1.994198367
-3.954362762;0.95744719
-3.318493497;1.819891494
-3.728688205;2.03477105
-4.22205522;1.710810291
-4.270438311;1.580853496
-3.884183331;1.901739835
-3.41036624;1.653376183
-4.696228574;1.910482187
-4.241860343;1.667054577
-3.324453204;1.541527394
-4.187874692;1.547885984
-3.740706221;1.502702183
-3.875756738;0.963373378
-3.119854892;2.14015651
-2.942699634;1.341998542
-3.125481507;2.113029158
-3.691793282;2.013001383
-4.193631854;2.016953802
-3.522203016;1.049731627
-4.743515074;1.547710227
-4.604276414;1.13550545
-3.888402663;0.578579058
-3.83948072;2.437767942
-4.00739208;1.708920715
-3.992236544;1.714328763
-3.696921415;2.137225437
-3.340477614;1.57513095
-2.778417913;1.276260821
-4.59046281;2.331166018
-2.579968452;1.236035266
-3.018746671;1.481255673
-3.522589072;2.407107434
-4.476694811;0.801938812
-4.069918408;1.995568319
-3.142176657;1.588007369
-4.114640933;2.24583343
-3.93634074;1.515603314
-3.124409085;2.210362528
-4.258741177;0.959627557
-4.023449879;1.124502015
-3.909022276;1.82922214
-3.163426693;1.669951154
-4.076572888;2.006917413
-4.130400153;3.074581599
-4.155397722;2.081226806
-3.66990904;2.31410537
-4.01874568;1.760116993
-4.342148479;2.329777486
-3.597008208;1.882113617
-3.405397334;1.412568327
-4.786305364;1.869227968
-4.260467092;0.394643108
-3.473676271;1.655611569
-4.504758008;2.734029014
-4.583279027;1.370533289
-4.287499706;1.401503677
-2.995149823;1.751798604
-3.34832196;1.672662874
-4.527344378;2.059123228
-3.646580444;1.228234602
-3.692470807;0.743317127
-2.850328696;1.66144001
-3.284424081;1.243370395
-3.547346957;1.33478541
-3.519584604;0.59660795
-5.046816274;1.03570766
-4.786484282;1.335704774
-3.894320747;1.218864515
-3.8071025;1.430631851
-3.811383481;1.555274307
-4.822207708;1.555710813
-3.925846295;2.2504476
-4.130079799;2.132565982
-3.048582432;0.898226797
-4.386682691;1.450423048
-2.78290395;1.586504971
-3.653192575;0.324810185
-3.869776297;1.356706631
-4.079679572;2.990326972
-4.227190527;1.65783745
-3.074043581;1.939825025
-3.021358838;1.461628516
-4.45737605;2.001811376
-3.626615399;1.368671937
-3.360837741;1.369952419
-3.514309548;1.142252475
-4.451035732;2.233299375
-3.504955278;1.184951365
-3.741210395;1.77078187
-3.919568678;1.455578783
-5.060894758;2.755416495
-3.728889083;1.550931781
-3.415171894;1.836965323
-3.759937786;1.944571117
-3.361032296;1.53334503
-3.875352486;1.930816576
-4.879430428;1.751487026
-3.935151762;2.11573321
-3.851871893;2.721262775
-4.372394357;1.750972562
-4.23809762;1.469230659
-3.709335595;1.302575797
-3.647581528;1.214611091
-3.782118278;1.272228469
-3.735700261;1.463792073
-3.819751192;0.614844325
-3.827150883;1.720727892
-4.013634807;1.144633181
-4.026919647;1.001669251
-4.006587319;1.535486976
-4.150080986;1.217715189
-3.868553721;1.448823054
-4.493774385;1.380393819
-2.687958189;2.084230531
-4.526889412;1.316866562
-3.302121509;2.306110068
-3.941825709;2.187515819
-3.32011576;1.583679362
-3.861910723;2.659696581
-3.860834026;1.602336185
-3.639392173;1.806059392
-4.800814696;2.302737517
-4.595298742;1.216969985
-3.41555876;1.292531208
-4.676110109;2.156194777
-3.61593311;1.194014101
-4.199379887;1.120292632
-4.318673124;2.716975088
-3.813763049;2.021467251
-2.963791764;1.669078613
-3.897916951;1.613643985
-3.945675774;1.195089502
-3.367843806;1.366808252
-4.065007167;1.571470304
-3.238688899;1.980893042
-4.478952902;1.531114115
-3.382589939;1.061215172
-3.719009493;2.197124259
-3.106944061;1.221328485
-3.622682445;1.370136259
-3.499121683;1.551254964
-3.29813856;0.972721573
-3.926470592;1.323638203
-4.093651017;1.618900681
-4.020244755;3.10394004
-3.926064801;1.49096367
-4.384160329;2.134440361
-4.251931184;1.708312613
-4.610148415;0.897311373
-4.367423738;0.720118061
-3.631467129;0.882757445
-2.87110898;0.710377182
-4.160738778;2.4123679
-3.719054936;1.687246457
-2.916005161;1.394982233
-3.893552326;1.805674477
-3.118221091;1.330535045
-2.924775197;1.217780821
-3.3257053;2.292005863
-4.564471867;1.451316761
-3.63991651;1.163948514
-3.399070119;1.638877475
-3.753367775;1.995859944
-4.173378486;2.070609097
-3.178877737;1.722655835
-4.118204654;1.917730845
-3.609050395;0.944582222
-4.400416023;1.045958371
-3.940595884;1.32020828
-4.490004466;2.232875603
-3.660130332;2.318227105
-3.416411521;0.758569868
-4.649420099;1.789523079
-2.903861158;1.330686907
-3.768408912;0.971470021
-3.395611968;0.7514172
-3.643355747;1.495880949
-3.027455934;1.698869433
-3.543035021;1.151615361
-3.485771931;1.899510761
-3.497316491;1.804682615
-4.270333834;1.496829087
-3.101415345;1.837931756
-4.424135074;1.717889138
-3.902780158;1.323564068
-3.746280205;2.161024181
-4.230795717;1.087807271
-3.502640835;1.3225248
-4.200192781;1.368608996
-3.836029558;1.914960148
-4.323699867;2.152102227
-3.281551251;1.901616066
-3.781878462;1.579840018
-4.57769898;2.165781101
-4.983679448;2.183788994
-4.011887177;0.725380482
-2.99142949;1.700785544
-3.405459266;2.130489562
-4.17245986;1.20837138
-3.883827539;1.552881261
-3.945925701;1.636180872
-4.093419137;1.172304791
-3.638687214;2.083146004
-3.562961997;2.299622171
-3.436556514;2.416947433
-3.772175926;1.044163282
-3.697609376;1.092108983
-4.04029788;0.23757756
-4.264017379;1.1125334
-4.173976485;1.186608042
-2.948164719;1.403305551
-3.23939792;2.197038932
-5.073829273;2.334336923
-3.975277952;2.545707747
-3.315827265;1.607955187
-3.594554763;1.555835309
-3.33629844;1.597933759
-4.650762014;1.764323263
-3.458381221;0.716022481
-4.737925281;1.667134189
-3.776244982;2.274899278
-3.873458912;1.167599512
-3.907248359;0.435238101
-4.075344645;2.075581201
-4.849233413;0.792179215
-2.248580794;1.825893475
-3.957864595;2.444941279
-3.457093909;1.488763601
-4.200161795;1.66206021
-3.739819159;1.869495536
-3.468411911;2.212547015
-4.621671475;1.41353428
-3.470890082;1.585021674
-3.077686837;1.786364574
-4.636351141;1.567985477
-3.849839454;1.30884953
-3.558923146;1.034401105
-4.148460053;1.922443527
-4.729435846;1.437680362
-4.217275151;1.157957581
-4.239217851;1.949564073
-3.694976473;1.318217873
-3.696854067;1.78927523
-3.994322841;1.350984571
-3.495698565;1.485289999
-4.267246362;2.603787714
-4.499298213;1.300469563
-3.092193098;1.51441199
-3.358543307;1.342703191
-3.519548525;1.571339391
-5.283549566;1.308582412
-3.951124143;1.083632914
-4.240612225;1.343694464
-3.547705841;2.322494661
-3.028242266;1.521693198
-3.592760441;-0.362163275
-3.509947288;1.970997264
-3.638778588;1.598903136
-2.924471505;2.424129817
-4.225087831;1.60229272
-3.236538099;2.181126799
-3.660660949;1.476343622
-4.012435798;1.842324071
-4.165370357;2.270463554
-4.524976587;1.646810297
-2.622385534;1.806052716
-4.659719512;1.85290856
-3.589515304;1.61825006
-3.514387202;2.352975427
-3.94568808;1.437271285
-3.602611397;0.895283363
-3.16775896;1.958888132
-4.116705751;2.032857124
-4.5549268;0.846140092
-3.780658209;1.647123021
-3.858687248;1.578667069
-3.269871185;2.908397235
-3.054030368;2.620879596
-3.545120445;1.166389872
-4.489310537;2.174202365
-3.517113715;1.118795086
-3.849052783;1.319641277
-4.005906175;2.348690057
-4.010786452;2.203464165
-4.219157045;1.258274461
-4.048720172;1.230593377
-3.873160579;1.825876234
-3.902403596;2.554003902
-3.14352229;1.230492558
-3.996743937;1.429888336
-3.382738611;1.824104075
-2.999469687;3.031236522
-3.945802073;1.585365558
-4.603575803;1.402897055
-4.403917226;1.818643718
-3.001980842;1.262234223
-3.548059951;1.039218415
-3.82242368;1.699053763
-3.781018008;2.21829984
-3.629628164;2.054853946
-3.457487957;1.810922806
-4.669390683;1.383155006
-3.085173775;1.622695053
-2.722411804;0.732582572
-3.013145832;2.304543305
-3.743900596;1.740403776
-3.927990506;1.89280673
-3.08392509;0.762184998
-3.642849118;1.424583955
-3.789780198;2.499043799
-4.096402279;2.534109957
-3.400925063;1.988111618
-4.074576217;2.203649109
-3.409370631;1.559113221
-3.387991849;1.113512288
-3.599949487;1.437540906
-4.009130574;1.011647552
-3.806824482;1.680867712
-3.617028383;1.893753108
-4.030843425;1.853044103
-3.893950899;1.839456627
-4.009337407;1.918270307
-3.150281482;1.742076729
-3.265910522;2.07422706
-4.404060719;1.620797908
-3.325171314;1.539937347
-3.386791686;2.087050926
-3.750934703;1.952547946
-4.167627673;1.83532753
-4.139193649;1.295888579
-4.191387653;0.925020512
-4.434838514;2.370673905
-4.094585248;2.049336187
-4.376447772;2.003635614
-4.573465368;2.074135397
-3.484332223;1.349998496
-2.41609881;2.384865691
-3.808172598;1.536384295
-4.148380515;1.659292318
-3.759817172;1.497463103
-3.336852778;0.903305763
-3.583792596;2.004717839
-3.653504007;2.609114091
-3.475659443;2.064913603
-3.913662612;2.621517126
-3.60994383;2.374091661
-3.407866299;1.150207182
-3.859575506;1.926295871
-3.775018114;1.505677732
-2.662764185;1.497476616
-4.009287889;0.874486619
-3.488424769;1.35132879
-3.368932163;1.828346192
-4.124383136;1.963635983
-4.846970054;1.725628665
-3.505902054;2.52046043
-4.127213894;1.839940997
-4.934611965;1.679829282
-3.59267916;2.398516469
-3.942482075;2.30793211
-2.823787504;1.83279183
-4.13016547;1.565746962
-4.131462394;2.505319926
-3.4327958;1.124503137
-3.298814932;1.736717503
-4.015977748;2.413092851
-3.240846366;1.366874325
-4.686738743;1.235489105
-3.441946162;1.497468239
-3.799297197;1.281092115
-4.185050918;1.919723317
-4.491624979;1.924445974
-4.534380896;1.371677737
-3.817923628;0.506914659
-4.572313275;1.48242019
-4.057672017;1.091926673
-4.140925481;1.967610884
-3.681156934;0.426503124
-3.972875597;1.0567648
-3.159363241;1.349971334
-3.020051612;1.960762039
-3.50825397;0.870099407
-3.211692634;1.490066541
-4.546340962;1.320037808
-3.546948811;0.835823555
-3.557350923;0.752971864
-4.552192762;1.058128233
-3.819136645;1.812626633
-3.910568255;0.910202209
-4.403475974;2.208887379
-4.602550746;1.822760197
-3.552495548;2.075892559
-3.210386044;1.733523502
-3.814623854;1.402080867
-3.074957518;1.655518528
-4.296121747;1.761388892
-4.299058943;0.648928344
-3.86184629;1.710911845
-3.831051429;1.262339304
-3.004717917;1.050930507
-3.827925705;2.105826838
-4.484458527;1.378694949
-4.09301946;2.835436668
-3.992944384;1.153354771
-4.663012107;2.494163706
-3.442196828;1.583883617
-3.42969677;2.639541443
-3.682239698;1.735897879
-4.769701061;1.0167471
-3.821655349;1.960345791
-3.80337553;2.291159554
-3.256192744;2.465512458
-4.08850491;1.208803169
-3.813290975;1.22788588
-4.892062818;1.558083199
-4.193827897;1.126575755
-3.689123099;1.632055297
-4.387126105;1.581837819
-3.355233462;1.205015772
-4.438931248;1.764000378
-5.3136682;2.03124866
-3.975346037;1.205369745
-4.388137011;2.163319872
-3.604372118;2.037277394
-3.597701906;1.759084696
-3.660041072;2.482793481
-4.581290845;1.847730273
-3.381540436;1.571650563
-4.348583662;1.906607552
-4.083316282;1.52711413
-3.299197385;1.72413954
-3.57350638;2.449169694
-4.463870615;0.763379591
-4.595467852;1.581388257
-4.292868472;0.717333232
-4.654896658;1.343904874
-4.261398956;1.336742069
-3.650505078;1.656305768
-3.087820044;2.035925154
-4.266632334;1.610832924
-3.891774472;1.657934372
-3.349127843;1.51777128
-3.63166244;2.062818835
-4.314993827;1.525687353
-3.343239908;1.86813567
-4.01931299;1.763507126
-4.438919828;2.352628614
-2.887275872;1.573285053
-4.223922777;1.19077133
-3.412761452;2.575846328
-3.296294333;2.676638463
-4.244605055;1.367487979
-4.42739861;1.824249513
-3.786460953;0.704066661
-3.426523535;1.649859216
-4.02781035;2.335092522
-3.699452887;0.9281764
-5.023594391;1.943656726
-4.190945198;1.798873036
-3.198114398;1.071980199
-3.929611959;1.367533007
-3.438508525;1.412821961
-3.949171198;2.345656956
-4.269701305;1.589928498
-3.615885397;0.989161729
-4.30259026;1.191470408
-4.426757609;2.105882348
-3.653273952;1.495365756
-4.875254492;2.113059332
-4.679340895;1.607497649
-3.797197474;1.282294506
-4.166593004;1.395792318
-4.026905954;0.876785364
-3.243043534;1.765867238
-5.256568548;1.217954125
-3.499580892;2.238038621
-3.999691302;2.56263927
-4.470059786;2.093709738
